timestamp,print_state,layer_current,layer_total,nozzle_temp,nozzle_target,bed_temp,bed_target,print_speed,fan_speed,percent_complete,time_remaining_min
2026-02-25T11:47:30.365856,IDLE,0,0,,,20,0,2,0,0,0
2026-02-25T12:10:41.284133,UNKNOWN,0,0,19.875,0,20.125,0,0,0,0,0
2026-02-25T12:10:43.336303,UNKNOWN,0,0,,,,,0,0,0,0
2026-02-25T12:10:57.312627,UNKNOWN,0,0,,,20.09375,0,0,0,0,0
2026-02-25T12:10:59.409270,UNKNOWN,0,0,,,20.125,0,0,0,0,0
2026-02-25T12:11:01.843050,UNKNOWN,0,0,,,,,0,0,0,0
2026-02-25T12:11:05.362184,UNKNOWN,0,0,,,,,0,0,0,0
2026-02-25T12:11:07.421659,UNKNOWN,0,0,19.84375,0,,,0,0,0,0
2026-02-25T12:11:09.464744,UNKNOWN,0,0,19.875,0,,,0,0,0,0
2026-02-25T12:11:13.439401,UNKNOWN,0,0,,,,,0,0,0,0
2026-02-25T12:11:23.475137,UNKNOWN,0,0,,,20.09375,0,0,0,0,0
2026-02-25T12:11:29.519532,UNKNOWN,0,0,,,20.125,0,0,0,0,0
2026-02-25T12:11:35.524891,UNKNOWN,0,0,,,20.09375,0,0,0,0,0
2026-02-25T12:11:41.599141,UNKNOWN,0,0,,,,,0,0,0,0
2026-02-25T12:11:43.687631,UNKNOWN,0,0,,,,,0,0,0,0
2026-02-25T12:11:45.698090,UNKNOWN,0,0,,,,,0,0,0,0
2026-02-25T12:11:49.642790,UNKNOWN,0,0,19.90625,0,20.15625,0,0,0,0,0
2026-02-25T12:11:51.635442,UNKNOWN,0,0,19.875,0,,,0,0,0,0
2026-02-25T12:11:53.684203,UNKNOWN,0,0,19.90625,0,20.125,0,0,0,0,0
2026-02-25T12:11:55.732913,UNKNOWN,0,0,19.875,0,,,0,0,0,0
2026-02-25T12:11:57.676840,UNKNOWN,0,0,,,,,0,0,0,0
2026-02-25T12:11:59.729237,UNKNOWN,0,0,,,,,0,0,0,0
2026-02-25T12:12:03.719849,UNKNOWN,0,0,,,20.15625,0,0,0,0,0
2026-02-25T12:12:05.765622,UNKNOWN,0,0,,,,,0,0,0,0
2026-02-25T12:12:07.715809,UNKNOWN,0,0,,,20.1875,0,0,0,0,0
2026-02-25T12:12:09.759893,UNKNOWN,0,0,,,20.15625,0,0,0,0,0
2026-02-25T12:12:15.760847,UNKNOWN,0,0,,,20.1875,0,0,0,0,0
2026-02-25T12:12:17.849905,UNKNOWN,0,0,,,20.15625,0,0,0,0,0
2026-02-25T12:12:19.897680,UNKNOWN,0,0,,,20.1875,0,0,0,0,0
2026-02-25T12:12:23.891328,UNKNOWN,0,0,,,20.15625,0,0,0,0,0
2026-02-25T12:12:25.824390,UNKNOWN,0,0,,,20.1875,0,0,0,0,0
2026-02-25T12:12:29.934300,UNKNOWN,0,0,,,20.21875,0,0,0,0,0
2026-02-25T12:12:31.859971,UNKNOWN,0,0,19.90625,0,,,0,0,0,0
2026-02-25T12:12:33.931499,UNKNOWN,0,0,19.875,0,20.1875,0,0,0,0,0
2026-02-25T12:12:35.974948,UNKNOWN,0,0,,,,,0,0,0,0
2026-02-25T12:12:37.921034,UNKNOWN,0,0,,,20.15625,0,0,0,0,0
2026-02-25T12:12:42.019969,UNKNOWN,0,0,,,,,0,0,0,0
2026-02-25T12:12:46.011663,UNKNOWN,0,0,,,20.1875,0,0,0,0,0
2026-02-25T12:12:48.018628,UNKNOWN,0,0,,,20.15625,0,0,0,0,0
2026-02-25T12:12:49.957700,UNKNOWN,0,0,,,20.125,0,0,0,0,0
2026-02-25T12:12:52.052739,UNKNOWN,0,0,,,20.15625,0,0,0,0,0
2026-02-25T12:12:58.095453,UNKNOWN,0,0,,,,,0,0,0,0
2026-02-25T12:13:06.082384,UNKNOWN,0,0,19.90625,0,20.125,0,0,0,0,0
2026-02-25T12:13:08.130131,UNKNOWN,0,0,19.875,0,20.09375,0,0,0,0,0
2026-02-25T12:13:10.076484,UNKNOWN,0,0,,,20.125,0,0,0,0,0
2026-02-25T12:13:12.075187,UNKNOWN,0,0,19.90625,0,,,0,0,0,0
2026-02-25T12:13:14.092866,UNKNOWN,0,0,19.875,0,,,0,0,0,0
2026-02-25T12:13:16.116868,UNKNOWN,0,0,,,20.15625,0,0,0,0,0
2026-02-25T12:13:18.165653,UNKNOWN,0,0,,,20.125,0,0,0,0,0
2026-02-25T12:13:26.244861,UNKNOWN,0,0,,,,,0,0,0,0
2026-02-25T12:13:28.170980,UNKNOWN,0,0,19.90625,0,20.15625,0,0,0,0,0
2026-02-25T12:13:34.196937,UNKNOWN,0,0,19.875,0,,,0,0,0,0
2026-02-25T12:13:36.292488,UNKNOWN,0,0,,,20.1875,0,0,0,0,0
2026-02-25T12:13:38.238319,UNKNOWN,0,0,,,20.15625,0,0,0,0,0
2026-02-25T12:13:44.280069,UNKNOWN,0,0,,,,,0,0,0,0
2026-02-25T12:13:46.330095,UNKNOWN,0,0,,,,,0,0,0,0
2026-02-25T12:13:48.375289,UNKNOWN,0,0,19.90625,0,,,0,0,0,0
2026-02-25T12:13:52.369637,UNKNOWN,0,0,,,,,0,0,0,0
2026-02-25T12:13:58.400830,UNKNOWN,0,0,19.875,0,,,0,0,0,0
2026-02-25T12:14:02.404732,UNKNOWN,0,0,19.90625,0,,,0,0,0,0
2026-02-25T12:14:04.453293,UNKNOWN,0,0,19.875,0,,,0,0,0,0
2026-02-25T12:14:06.398967,UNKNOWN,0,0,,,,,0,0,0,0
2026-02-25T12:14:08.447566,UNKNOWN,0,0,,,20.125,0,0,0,0,0
2026-02-25T12:14:10.494540,UNKNOWN,0,0,,,20.15625,0,0,0,0,0
2026-02-25T12:14:12.419263,UNKNOWN,0,0,,,20.09375,0,0,0,0,0
2026-02-25T12:14:14.437933,UNKNOWN,0,0,,,,,0,0,0,0
2026-02-25T12:14:16.447036,UNKNOWN,0,0,,,20.125,0,0,0,0,0
2026-02-25T12:14:18.457108,UNKNOWN,0,0,19.90625,0,20.15625,0,0,0,0,0
2026-02-25T12:14:24.478935,UNKNOWN,0,0,19.875,0,,,0,0,0,0
2026-02-25T12:14:26.585275,UNKNOWN,0,0,19.90625,0,,,0,0,0,0
2026-02-25T12:14:28.622752,UNKNOWN,0,0,19.875,0,,,0,0,0,0
2026-02-25T12:14:32.617584,UNKNOWN,0,0,19.90625,0,,,0,0,0,0
2026-02-25T12:14:34.558941,UNKNOWN,0,0,,,20.1875,0,0,0,0,0
2026-02-25T12:14:38.656842,UNKNOWN,0,0,,,20.15625,0,0,0,0,0
2026-02-25T12:14:40.067381,UNKNOWN,0,0,,,,,0,0,0,0
2026-02-25T12:14:40.601264,UNKNOWN,0,0,19.875,0,,,0,0,0,0
2026-02-25T12:14:42.651297,UNKNOWN,0,0,19.90625,0,,,0,0,0,0
2026-02-25T12:14:43.046061,UNKNOWN,0,0,,,,,0,0,0,0
2026-02-25T12:14:44.697181,UNKNOWN,0,0,19.875,0,20.125,0,0,0,0,0
2026-02-25T12:14:50.641294,UNKNOWN,0,0,19.90625,0,20.15625,0,0,0,0,0
2026-02-25T12:14:52.685145,UNKNOWN,0,0,,,20.1875,0,0,0,0,0
2026-02-25T12:14:54.668938,UNKNOWN,0,0,19.875,0,20.15625,0,0,0,0,0
2026-02-25T12:14:58.691001,UNKNOWN,0,0,,,20.1875,0,0,0,0,0
2026-02-25T12:15:02.704668,UNKNOWN,0,0,19.90625,0,,,0,0,0,0
2026-02-25T12:15:04.725558,UNKNOWN,0,0,19.875,0,,,0,0,0,0
2026-02-25T12:15:06.732176,UNKNOWN,0,0,19.90625,0,20.15625,0,0,0,0,0
2026-02-25T12:15:26.887510,UNKNOWN,0,0,,,,,0,0,0,0
2026-02-25T12:15:28.854148,UNKNOWN,0,0,,,,,0,0,0,0
2026-02-25T12:15:30.880580,UNKNOWN,0,0,19.875,0,,,0,0,0,0
2026-02-25T12:15:32.872858,UNKNOWN,0,0,,,20.1875,0,0,0,0,0
2026-02-25T12:15:34.988034,UNKNOWN,0,0,19.90625,0,20.125,0,0,0,0,0
2026-02-25T12:15:36.922556,UNKNOWN,0,0,,,20.15625,0,0,0,0,0
2026-02-25T12:15:40.933024,UNKNOWN,0,0,,,,,0,0,0,0
2026-02-25T12:15:45.011249,UNKNOWN,0,0,,,20.125,0,0,0,0,0
2026-02-25T12:15:47.060775,UNKNOWN,0,0,,,20.09375,0,0,0,0,0
2026-02-25T12:15:49.004115,UNKNOWN,0,0,,,20.125,0,0,0,0,0
2026-02-25T12:15:51.051995,UNKNOWN,0,0,,,,,0,0,0,0
2026-02-25T12:15:55.050019,UNKNOWN,0,0,,,20.09375,0,0,0,0,0
2026-02-25T12:15:57.012120,UNKNOWN,0,0,,,20.125,0,0,0,0,0
2026-02-25T12:16:09.081790,UNKNOWN,0,0,,,20.15625,0,0,0,0,0
2026-02-25T12:16:11.129406,UNKNOWN,0,0,19.875,0,,,0,0,0,0
2026-02-25T12:16:13.098942,UNKNOWN,0,0,19.90625,0,,,0,0,0,0
2026-02-25T12:16:15.319569,UNKNOWN,0,0,19.875,0,,,0,0,0,0
2026-02-25T12:16:19.209132,UNKNOWN,0,0,19.90625,0,20.1875,0,0,0,0,0
2026-02-25T12:16:21.257741,UNKNOWN,0,0,,,20.15625,0,0,0,0,0
2026-02-25T12:16:25.252781,UNKNOWN,0,0,,,20.1875,0,0,0,0,0
2026-02-25T12:16:33.237106,UNKNOWN,0,0,,,20.21875,0,0,0,0,0
2026-02-25T12:16:35.285798,UNKNOWN,0,0,,,,,0,0,0,0
2026-02-25T12:16:37.236980,UNKNOWN,0,0,,,,,0,0,0,0
2026-02-25T12:16:39.284814,UNKNOWN,0,0,,,20.1875,0,0,0,0,0
2026-02-25T12:16:45.281979,UNKNOWN,0,0,,,20.21875,0,0,0,0,0
2026-02-25T12:16:47.395206,UNKNOWN,0,0,19.9375,0,,,0,0,0,0
2026-02-25T12:16:49.325924,UNKNOWN,0,0,19.90625,0,20.1875,0,0,0,0,0
2026-02-25T12:16:51.321306,UNKNOWN,0,0,19.875,0,,,0,0,0,0
2026-02-25T12:16:53.338959,UNKNOWN,0,0,19.9375,0,20.15625,0,0,0,0,0
2026-02-25T12:16:55.344804,UNKNOWN,0,0,19.90625,0,,,0,0,0,0
2026-02-25T12:16:59.387217,UNKNOWN,0,0,,,20.1875,0,0,0,0,0
2026-02-25T12:17:01.434320,UNKNOWN,0,0,19.875,0,20.15625,0,0,0,0,0
2026-02-25T12:17:03.390665,UNKNOWN,0,0,19.90625,0,20.1875,0,0,0,0,0
2026-02-25T12:17:05.401274,UNKNOWN,0,0,,,20.15625,0,0,0,0,0
2026-02-25T12:17:15.452571,UNKNOWN,0,0,,,,,0,0,0,0
2026-02-25T12:17:21.503307,UNKNOWN,0,0,,,20.125,0,0,0,0,0
2026-02-25T12:17:27.513043,UNKNOWN,0,0,,,20.15625,0,0,0,0,0
2026-02-25T12:17:29.521709,UNKNOWN,0,0,,,20.125,0,0,0,0,0
2026-02-25T12:17:31.623156,UNKNOWN,0,0,,,20.15625,0,0,0,0,0
2026-02-25T12:17:33.583166,UNKNOWN,0,0,,,20.1875,0,0,0,0,0
2026-02-25T12:17:35.633834,UNKNOWN,0,0,,,,,0,0,0,0
2026-02-25T12:17:39.604183,UNKNOWN,0,0,,,20.15625,0,0,0,0,0
2026-02-25T12:17:43.621611,UNKNOWN,0,0,,,20.1875,0,0,0,0,0
2026-02-25T12:17:53.756248,UNKNOWN,0,0,19.875,0,20.15625,0,0,0,0,0
2026-02-25T12:17:55.656549,UNKNOWN,0,0,19.90625,0,,,0,0,0,0
2026-02-25T12:17:57.676661,UNKNOWN,0,0,,,20.1875,0,0,0,0,0
2026-02-25T12:18:03.706628,UNKNOWN,0,0,,,,,0,0,0,0
2026-02-25T12:18:05.736523,UNKNOWN,0,0,,,,,0,0,0,0
2026-02-25T12:18:09.739898,UNKNOWN,0,0,,,20.15625,0,0,0,0,0
2026-02-25T12:18:27.823830,UNKNOWN,0,0,19.9375,0,,,0,0,0,0
2026-02-25T12:18:29.834338,UNKNOWN,0,0,19.90625,0,,,0,0,0,0
2026-02-25T12:18:31.851987,UNKNOWN,0,0,19.9375,0,,,0,0,0,0
2026-02-25T12:18:33.859820,UNKNOWN,0,0,19.90625,0,,,0,0,0,0
2026-02-25T12:18:37.990203,UNKNOWN,0,0,,,20.1875,0,0,0,0,0
2026-02-25T12:18:41.902689,UNKNOWN,0,0,,,20.15625,0,0,0,0,0
2026-02-25T12:18:43.928897,UNKNOWN,0,0,,,20.1875,0,0,0,0,0
2026-02-25T12:18:47.936970,UNKNOWN,0,0,19.9375,0,,,0,0,0,0
2026-02-25T12:18:51.966124,UNKNOWN,0,0,19.90625,0,20.21875,0,0,0,0,0
2026-02-25T12:18:54.066011,UNKNOWN,0,0,19.9375,0,20.1875,0,0,0,0,0
2026-02-25T12:18:55.979978,UNKNOWN,0,0,19.90625,0,,,0,0,0,0
2026-02-25T12:19:02.012255,UNKNOWN,0,0,,,20.15625,0,0,0,0,0
2026-02-25T12:19:12.087182,UNKNOWN,0,0,19.9375,0,,,0,0,0,0
2026-02-25T12:19:14.135088,UNKNOWN,0,0,19.90625,0,,,0,0,0,0
2026-02-25T12:19:16.084651,UNKNOWN,0,0,,,20.125,0,0,0,0,0
2026-02-25T12:19:18.095891,UNKNOWN,0,0,19.9375,0,,,0,0,0,0
2026-02-25T12:19:20.177542,UNKNOWN,0,0,19.90625,0,20.15625,0,0,0,0,0
2026-02-25T12:19:22.223991,UNKNOWN,0,0,,,20.125,0,0,0,0,0
2026-02-25T12:19:24.170337,UNKNOWN,0,0,,,20.15625,0,0,0,0,0
2026-02-25T12:19:38.300486,UNKNOWN,0,0,,,,,0,0,0,0
2026-02-25T12:19:40.246558,UNKNOWN,0,0,19.9375,0,,,0,0,0,0
2026-02-25T12:19:42.254037,UNKNOWN,0,0,19.90625,0,,,0,0,0,0
2026-02-25T12:19:44.341969,UNKNOWN,0,0,,,,,0,0,0,0
2026-02-25T12:19:50.280198,UNKNOWN,0,0,19.9375,0,20.1875,0,0,0,0,0
2026-02-25T12:19:52.287195,UNKNOWN,0,0,19.90625,0,,,0,0,0,0
2026-02-25T12:19:54.377255,UNKNOWN,0,0,,,20.15625,0,0,0,0,0
2026-02-25T12:19:56.320963,UNKNOWN,0,0,19.9375,0,20.125,0,0,0,0,0
2026-02-25T12:20:00.417262,UNKNOWN,0,0,,,20.15625,0,0,0,0,0
2026-02-25T12:20:02.363553,UNKNOWN,0,0,19.90625,0,,,0,0,0,0
2026-02-25T12:20:04.410999,UNKNOWN,0,0,19.9375,0,20.1875,0,0,0,0,0
2026-02-25T12:20:06.459120,UNKNOWN,0,0,19.90625,0,20.21875,0,0,0,0,0
2026-02-25T12:20:10.452270,UNKNOWN,0,0,,,20.1875,0,0,0,0,0
2026-02-25T12:20:12.499718,UNKNOWN,0,0,,,,,0,0,0,0
2026-02-25T12:20:14.446173,UNKNOWN,0,0,,,20.21875,0,0,0,0,0
2026-02-25T12:20:16.425229,UNKNOWN,0,0,19.9375,0,,,0,0,0,0
2026-02-25T12:20:18.542011,UNKNOWN,0,0,19.90625,0,20.1875,0,0,0,0,0
2026-02-25T12:20:20.487305,UNKNOWN,0,0,19.9375,0,20.21875,0,0,0,0,0
2026-02-25T12:20:26.482135,UNKNOWN,0,0,19.90625,0,,,0,0,0,0
2026-02-25T12:20:32.570219,UNKNOWN,0,0,19.9375,0,,,0,0,0,0
2026-02-25T12:20:34.617629,UNKNOWN,0,0,19.90625,0,,,0,0,0,0
2026-02-25T12:20:36.563457,UNKNOWN,0,0,,,20.1875,0,0,0,0,0
2026-02-25T12:20:38.612459,UNKNOWN,0,0,19.9375,0,,,0,0,0,0
2026-02-25T12:20:40.659109,UNKNOWN,0,0,19.90625,0,,,0,0,0,0
2026-02-25T12:20:48.618987,UNKNOWN,0,0,19.9375,0,,,0,0,0,0
2026-02-25T12:21:00.664182,UNKNOWN,0,0,19.90625,0,,,0,0,0,0
2026-02-25T12:21:02.680987,UNKNOWN,0,0,19.9375,0,20.15625,0,0,0,0,0
2026-02-25T12:21:04.786243,UNKNOWN,0,0,,,20.1875,0,0,0,0,0
2026-02-25T12:21:06.732157,UNKNOWN,0,0,,,20.15625,0,0,0,0,0
2026-02-25T12:21:10.833763,UNKNOWN,0,0,19.90625,0,,,0,0,0,0
2026-02-25T12:21:12.732507,UNKNOWN,0,0,19.9375,0,,,0,0,0,0
2026-02-25T12:21:14.820576,UNKNOWN,0,0,19.90625,0,20.125,0,0,0,0,0
2026-02-25T12:21:16.868157,UNKNOWN,0,0,19.9375,0,,,0,0,0,0
2026-02-25T12:21:22.807028,UNKNOWN,0,0,,,20.15625,0,0,0,0,0
2026-02-25T12:21:24.856647,UNKNOWN,0,0,19.90625,0,,,0,0,0,0
2026-02-25T12:21:28.849675,UNKNOWN,0,0,19.9375,0,,,0,0,0,0
2026-02-25T12:21:30.896315,UNKNOWN,0,0,19.90625,0,,,0,0,0,0
2026-02-25T12:21:32.945414,UNKNOWN,0,0,19.9375,0,20.125,0,0,0,0,0
2026-02-25T12:21:34.890539,UNKNOWN,0,0,,,20.15625,0,0,0,0,0
2026-02-25T12:21:36.938579,UNKNOWN,0,0,19.90625,0,,,0,0,0,0
2026-02-25T12:21:38.985596,UNKNOWN,0,0,,,,,0,0,0,0
2026-02-25T12:21:40.930779,UNKNOWN,0,0,19.9375,0,,,0,0,0,0
2026-02-25T12:21:45.027464,UNKNOWN,0,0,,,20.1875,0,0,0,0,0
2026-02-25T12:21:50.966128,UNKNOWN,0,0,,,20.15625,0,0,0,0,0
2026-02-25T12:22:01.105329,UNKNOWN,0,0,,,,,0,0,0,0
2026-02-25T12:22:03.049955,UNKNOWN,0,0,,,,,0,0,0,0
2026-02-25T12:22:05.032066,UNKNOWN,0,0,,,20.1875,0,0,0,0,0
2026-02-25T12:22:07.145756,UNKNOWN,0,0,,,20.15625,0,0,0,0,0
2026-02-25T12:22:09.091531,UNKNOWN,0,0,,,20.1875,0,0,0,0,0
2026-02-25T12:22:13.185901,UNKNOWN,0,0,,,,,0,0,0,0
2026-02-25T12:22:17.086327,UNKNOWN,0,0,19.90625,0,,,0,0,0,0
2026-02-25T12:22:19.104398,UNKNOWN,0,0,19.9375,0,,,0,0,0,0
2026-02-25T12:22:23.324768,UNKNOWN,0,0,19.90625,0,,,0,0,0,0
2026-02-25T12:22:27.214994,UNKNOWN,0,0,19.9375,0,,,0,0,0,0
2026-02-25T12:22:37.250335,UNKNOWN,0,0,,,20.21875,0,0,0,0,0
2026-02-25T12:22:39.201963,UNKNOWN,0,0,,,20.1875,0,0,0,0,0
2026-02-25T12:22:47.360755,UNKNOWN,0,0,,,20.21875,0,0,0,0,0
2026-02-25T12:22:53.326125,UNKNOWN,0,0,,,20.1875,0,0,0,0,0
2026-02-25T12:22:53.332739,UNKNOWN,0,0,,,20.21875,0,0,0,0,0
2026-02-25T12:22:55.373337,UNKNOWN,0,0,,,20.1875,0,0,0,0,0
2026-02-25T12:22:57.320083,UNKNOWN,0,0,,,20.15625,0,0,0,0,0
2026-02-25T12:22:59.368946,UNKNOWN,0,0,,,20.1875,0,0,0,0,0
2026-02-25T12:23:01.318491,UNKNOWN,0,0,,,20.15625,0,0,0,0,0
2026-02-25T12:23:03.359956,UNKNOWN,0,0,,,20.1875,0,0,0,0,0
2026-02-25T12:23:13.396021,UNKNOWN,0,0,,,20.15625,0,0,0,0,0
2026-02-25T12:23:19.439175,UNKNOWN,0,0,,,,,0,0,0,0
2026-02-25T12:23:21.485129,UNKNOWN,0,0,,,20.1875,0,0,0,0,0
2026-02-25T12:23:25.449263,UNKNOWN,0,0,,,,,0,0,0,0
2026-02-25T12:23:27.455815,UNKNOWN,0,0,,,,,0,0,0,0
2026-02-25T12:23:29.574845,UNKNOWN,0,0,,,,,0,0,0,0
2026-02-25T12:23:31.521224,UNKNOWN,0,0,,,20.21875,0,0,0,0,0
2026-02-25T12:23:37.561073,UNKNOWN,0,0,,,20.1875,0,0,0,0,0
2026-02-25T12:23:41.555403,UNKNOWN,0,0,,,20.21875,0,0,0,0,0
2026-02-25T12:23:43.563281,UNKNOWN,0,0,19.96875,0,,,0,0,0,0
2026-02-25T12:23:45.632868,UNKNOWN,0,0,19.9375,0,,,0,0,0,0
2026-02-25T12:23:47.596204,UNKNOWN,0,0,,,20.1875,0,0,0,0,0
2026-02-25T12:23:49.645945,UNKNOWN,0,0,,,20.21875,0,0,0,0,0
2026-02-25T12:23:51.603619,UNKNOWN,0,0,,,20.1875,0,0,0,0,0
2026-02-25T12:24:01.732737,UNKNOWN,0,0,,,20.21875,0,0,0,0,0
2026-02-25T12:24:03.673670,UNKNOWN,0,0,,,20.1875,0,0,0,0,0
2026-02-25T12:24:10.806788,UNKNOWN,0,0,,,,,0,0,0,0
2026-02-25T12:24:11.696196,UNKNOWN,0,0,,,20.25,0,0,0,0,0
2026-02-25T12:24:17.725834,UNKNOWN,0,0,,,,,0,0,0,0
2026-02-25T12:24:19.742769,UNKNOWN,0,0,,,20.21875,0,0,0,0,0
2026-02-25T12:24:21.797635,UNKNOWN,0,0,,,20.25,0,0,0,0,0
2026-02-25T12:24:23.846838,UNKNOWN,0,0,19.96875,0,,,0,0,0,0
2026-02-25T12:24:25.791045,UNKNOWN,0,0,19.9375,0,,,0,0,0,0
2026-02-25T12:24:29.852564,UNKNOWN,0,0,,,20.21875,0,0,0,0,0
2026-02-25T12:24:31.832508,UNKNOWN,0,0,,,20.25,0,0,0,0,0
2026-02-25T12:24:33.881910,UNKNOWN,0,0,,,20.21875,0,0,0,0,0
2026-02-25T12:24:35.933071,UNKNOWN,0,0,,,20.25,0,0,0,0,0
2026-02-25T12:24:37.874707,UNKNOWN,0,0,,,20.21875,0,0,0,0,0
2026-02-25T12:24:41.969621,UNKNOWN,0,0,,,20.1875,0,0,0,0,0
2026-02-25T12:24:45.324247,UNKNOWN,0,0,,,20.21875,0,0,0,0,0
2026-02-25T12:24:45.897619,UNKNOWN,0,0,,,,,0,0,0,0
2026-02-25T12:24:47.945457,UNKNOWN,0,0,,,20.1875,0,0,0,0,0
2026-02-25T12:24:49.911624,UNKNOWN,0,0,,,20.21875,0,0,0,0,0
2026-02-25T12:24:56.002428,UNKNOWN,0,0,,,20.1875,0,0,0,0,0
2026-02-25T12:24:59.993030,UNKNOWN,0,0,,,20.15625,0,0,0,0,0
2026-02-25T12:25:01.984190,UNKNOWN,0,0,,,20.1875,0,0,0,0,0
2026-02-25T12:25:03.992764,UNKNOWN,0,0,,,,,0,0,0,0
2026-02-25T12:25:06.034788,UNKNOWN,0,0,,,,,0,0,0,0
2026-02-25T12:25:10.129194,UNKNOWN,0,0,,,,,0,0,0,0
2026-02-25T12:25:12.036437,UNKNOWN,0,0,,,20.15625,0,0,0,0,0
2026-02-25T12:25:14.122889,UNKNOWN,0,0,19.96875,0,,,0,0,0,0
2026-02-25T12:25:16.170334,UNKNOWN,0,0,19.9375,0,,,0,0,0,0
2026-02-25T12:25:24.108806,UNKNOWN,0,0,,,,,0,0,0,0
2026-02-25T12:25:26.117850,UNKNOWN,0,0,,,,,0,0,0,0
2026-02-25T12:25:30.159861,UNKNOWN,0,0,,,,,0,0,0,0
2026-02-25T12:25:32.246656,UNKNOWN,0,0,,,20.1875,0,0,0,0,0
2026-02-25T12:25:34.193100,UNKNOWN,0,0,,,,,0,0,0,0
2026-02-25T12:25:36.239977,UNKNOWN,0,0,,,20.21875,0,0,0,0,0
2026-02-25T12:25:38.289777,UNKNOWN,0,0,,,20.15625,0,0,0,0,0
2026-02-25T12:25:40.233649,UNKNOWN,0,0,19.96875,0,,,0,0,0,0
2026-02-25T12:25:42.282309,UNKNOWN,0,0,19.9375,0,20.1875,0,0,0,0,0
2026-02-25T12:25:44.289302,UNKNOWN,0,0,,,20.15625,0,0,0,0,0
2026-02-25T12:25:48.324219,UNKNOWN,0,0,19.96875,0,,,0,0,0,0
2026-02-25T12:25:50.268243,UNKNOWN,0,0,19.9375,0,20.1875,0,0,0,0,0
2026-02-25T12:25:54.469111,UNKNOWN,0,0,,,,,0,0,0,0
2026-02-25T12:25:56.312716,UNKNOWN,0,0,,,20.15625,0,0,0,0,0
2026-02-25T12:25:58.312088,UNKNOWN,0,0,19.96875,0,,,0,0,0,0
2026-02-25T12:26:00.407763,UNKNOWN,0,0,,,,,0,0,0,0
2026-02-25T12:26:02.351783,UNKNOWN,0,0,19.9375,0,20.1875,0,0,0,0,0
2026-02-25T12:26:04.400141,UNKNOWN,0,0,19.96875,0,,,0,0,0,0
2026-02-25T12:26:06.448080,UNKNOWN,0,0,,,,,0,0,0,0
2026-02-25T12:26:08.496109,UNKNOWN,0,0,19.9375,0,,,0,0,0,0
2026-02-25T12:26:10.441273,UNKNOWN,0,0,,,,,0,0,0,0
2026-02-25T12:26:14.435014,UNKNOWN,0,0,,,,,0,0,0,0
2026-02-25T12:26:18.531180,UNKNOWN,0,0,19.96875,0,,,0,0,0,0
2026-02-25T12:26:20.476576,UNKNOWN,0,0,19.9375,0,20.15625,0,0,0,0,0
2026-02-25T12:26:22.524568,UNKNOWN,0,0,,,,,0,0,0,0
2026-02-25T12:26:24.572906,UNKNOWN,0,0,,,,,0,0,0,0
2026-02-25T12:26:26.518684,UNKNOWN,0,0,19.96875,0,20.1875,0,0,0,0,0
2026-02-25T12:26:30.511929,UNKNOWN,0,0,,,,,0,0,0,0
2026-02-25T12:26:32.561438,UNKNOWN,0,0,,,,,0,0,0,0
2026-02-25T12:26:34.608175,UNKNOWN,0,0,,,20.21875,0,0,0,0,0
2026-02-25T12:26:36.552903,UNKNOWN,0,0,,,,,0,0,0,0
2026-02-25T12:26:40.649168,UNKNOWN,0,0,19.9375,0,20.1875,0,0,0,0,0
2026-02-25T12:26:42.596153,UNKNOWN,0,0,,,20.21875,0,0,0,0,0
2026-02-25T12:26:44.602828,UNKNOWN,0,0,19.96875,0,,,0,0,0,0
2026-02-25T12:26:46.691440,UNKNOWN,0,0,,,,,0,0,0,0
2026-02-25T12:26:48.638914,UNKNOWN,0,0,19.9375,0,,,0,0,0,0
2026-02-25T12:26:50.683876,UNKNOWN,0,0,19.96875,0,,,0,0,0,0
2026-02-25T12:26:52.732155,UNKNOWN,0,0,19.9375,0,,,0,0,0,0
2026-02-25T12:26:56.725149,UNKNOWN,0,0,,,,,0,0,0,0
2026-02-25T12:26:58.672453,UNKNOWN,0,0,,,20.1875,0,0,0,0,0
2026-02-25T12:27:00.719402,UNKNOWN,0,0,,,,,0,0,0,0
2026-02-25T12:27:04.720711,UNKNOWN,0,0,,,20.15625,0,0,0,0,0
2026-02-25T12:27:08.817186,UNKNOWN,0,0,19.96875,0,20.1875,0,0,0,0,0
2026-02-25T12:27:10.755203,UNKNOWN,0,0,19.9375,0,,,0,0,0,0
2026-02-25T12:27:12.747971,UNKNOWN,0,0,,,,,0,0,0,0
2026-02-25T12:27:14.955058,UNKNOWN,0,0,,,,,0,0,0,0
2026-02-25T12:27:16.796818,UNKNOWN,0,0,19.96875,0,,,0,0,0,0
2026-02-25T12:27:20.891675,UNKNOWN,0,0,19.9375,0,,,0,0,0,0
2026-02-25T12:27:22.837595,UNKNOWN,0,0,19.96875,0,,,0,0,0,0
2026-02-25T12:27:24.885906,UNKNOWN,0,0,,,,,0,0,0,0
2026-02-25T12:27:26.933840,UNKNOWN,0,0,19.9375,0,20.21875,0,0,0,0,0
2026-02-25T12:27:28.879667,UNKNOWN,0,0,19.96875,0,,,0,0,0,0
2026-02-25T12:27:32.871961,UNKNOWN,0,0,19.9375,0,,,0,0,0,0
2026-02-25T12:27:34.920638,UNKNOWN,0,0,19.96875,0,,,0,0,0,0
2026-02-25T12:27:36.968827,UNKNOWN,0,0,,,,,0,0,0,0
2026-02-25T12:27:38.915119,UNKNOWN,0,0,,,,,0,0,0,0
2026-02-25T12:27:40.962638,UNKNOWN,0,0,,,20.1875,0,0,0,0,0
2026-02-25T12:27:43.010688,UNKNOWN,0,0,,,20.21875,0,0,0,0,0
2026-02-25T12:27:44.956130,UNKNOWN,0,0,,,,,0,0,0,0
2026-02-25T12:27:47.003974,UNKNOWN,0,0,,,,,0,0,0,0
2026-02-25T12:27:49.051721,UNKNOWN,0,0,,,20.1875,0,0,0,0,0
2026-02-25T12:27:50.997564,UNKNOWN,0,0,,,20.25,0,0,0,0,0
2026-02-25T12:27:53.045420,UNKNOWN,0,0,,,,,0,0,0,0
2026-02-25T12:27:57.038958,UNKNOWN,0,0,,,20.21875,0,0,0,0,0
2026-02-25T12:28:01.096664,UNKNOWN,0,0,,,,,0,0,0,0
2026-02-25T12:28:03.080303,UNKNOWN,0,0,19.9375,0,,,0,0,0,0
2026-02-25T12:28:05.128649,UNKNOWN,0,0,19.96875,0,,,0,0,0,0
2026-02-25T12:28:07.177178,UNKNOWN,0,0,,,,,0,0,0,0
2026-02-25T12:28:09.122218,UNKNOWN,0,0,19.9375,0,20.25,0,0,0,0,0
2026-02-25T12:28:11.272782,UNKNOWN,0,0,19.96875,0,,,0,0,0,0
2026-02-25T12:28:13.119287,UNKNOWN,0,0,19.9375,0,20.21875,0,0,0,0,0
2026-02-25T12:28:15.163483,UNKNOWN,0,0,,,,,0,0,0,0
2026-02-25T12:28:17.213084,UNKNOWN,0,0,,,20.25,0,0,0,0,0
2026-02-25T12:28:19.259611,UNKNOWN,0,0,19.96875,0,,,0,0,0,0
2026-02-25T12:28:23.253653,UNKNOWN,0,0,,,20.28125,0,0,0,0,0
2026-02-25T12:28:27.247277,UNKNOWN,0,0,,,,,0,0,0,0
2026-02-25T12:28:29.295556,UNKNOWN,0,0,,,20.25,0,0,0,0,0
2026-02-25T12:28:33.288445,UNKNOWN,0,0,,,20.21875,0,0,0,0,0
2026-02-25T12:28:35.336664,UNKNOWN,0,0,,,20.25,0,0,0,0,0
2026-02-25T12:28:41.377678,UNKNOWN,0,0,,,20.21875,0,0,0,0,0
2026-02-25T12:28:43.326462,UNKNOWN,0,0,,,,,0,0,0,0
2026-02-25T12:28:47.419837,UNKNOWN,0,0,,,,,0,0,0,0
2026-02-25T12:28:49.365818,UNKNOWN,0,0,,,,,0,0,0,0
2026-02-25T12:28:53.359861,UNKNOWN,0,0,,,20.1875,0,0,0,0,0
2026-02-25T12:28:55.408036,UNKNOWN,0,0,,,,,0,0,0,0
2026-02-25T12:28:57.454391,UNKNOWN,0,0,,,,,0,0,0,0
2026-02-25T12:28:59.399898,UNKNOWN,0,0,,,,,0,0,0,0
2026-02-25T12:29:01.449124,UNKNOWN,0,0,20,0,,,0,0,0,0
2026-02-25T12:29:03.496135,UNKNOWN,0,0,19.96875,0,,,0,0,0,0
2026-02-25T12:29:05.452890,UNKNOWN,0,0,19.9375,0,,,0,0,0,0
2026-02-25T12:29:07.489861,UNKNOWN,0,0,19.96875,0,20.21875,0,0,0,0,0
2026-02-25T12:29:09.552645,UNKNOWN,0,0,,,20.1875,0,0,0,0,0
2026-02-25T12:29:11.483762,UNKNOWN,0,0,,,,,0,0,0,0
2026-02-25T12:29:13.534630,UNKNOWN,0,0,,,,,0,0,0,0
2026-02-25T12:29:19.573345,UNKNOWN,0,0,,,,,0,0,0,0
2026-02-25T12:29:21.519233,UNKNOWN,0,0,,,,,0,0,0,0
2026-02-25T12:29:23.567265,UNKNOWN,0,0,,,20.15625,0,0,0,0,0
2026-02-25T12:29:25.615937,UNKNOWN,0,0,,,,,0,0,0,0
2026-02-25T12:29:27.561332,UNKNOWN,0,0,,,20.1875,0,0,0,0,0
2026-02-25T12:29:29.609457,UNKNOWN,0,0,,,,,0,0,0,0
2026-02-25T12:29:31.656421,UNKNOWN,0,0,,,20.15625,0,0,0,0,0
2026-02-25T12:29:33.602500,UNKNOWN,0,0,,,,,0,0,0,0
2026-02-25T12:29:35.650179,UNKNOWN,0,0,,,,,0,0,0,0
2026-02-25T12:29:39.644052,UNKNOWN,0,0,,,20.1875,0,0,0,0,0
2026-02-25T12:29:41.691458,UNKNOWN,0,0,,,20.15625,0,0,0,0,0
2026-02-25T12:29:45.684684,UNKNOWN,0,0,,,20.1875,0,0,0,0,0
2026-02-25T12:29:47.734637,UNKNOWN,0,0,,,,,0,0,0,0
2026-02-25T12:29:49.680030,UNKNOWN,0,0,19.9375,0,,,0,0,0,0
2026-02-25T12:29:51.729126,UNKNOWN,0,0,19.96875,0,,,0,0,0,0
2026-02-25T12:29:53.776334,UNKNOWN,0,0,,,20.15625,0,0,0,0,0
2026-02-25T12:29:55.786231,UNKNOWN,0,0,,,20.1875,0,0,0,0,0
2026-02-25T12:29:57.768987,UNKNOWN,0,0,19.9375,0,,,0,0,0,0
2026-02-25T12:29:59.816168,UNKNOWN,0,0,,,,,0,0,0,0
2026-02-25T12:30:01.866124,UNKNOWN,0,0,19.96875,0,,,0,0,0,0
2026-02-25T12:30:03.810939,UNKNOWN,0,0,,,,,0,0,0,0
2026-02-25T12:30:05.844426,UNKNOWN,0,0,,,,,0,0,0,0
2026-02-25T12:30:07.907663,UNKNOWN,0,0,,,20.15625,0,0,0,0,0
2026-02-25T12:30:13.846060,UNKNOWN,0,0,,,20.1875,0,0,0,0,0
2026-02-25T12:30:17.942020,UNKNOWN,0,0,,,,,0,0,0,0
2026-02-25T12:30:21.935972,UNKNOWN,0,0,,,,,0,0,0,0
2026-02-25T12:30:23.984185,UNKNOWN,0,0,,,20.21875,0,0,0,0,0
2026-02-25T12:30:25.928933,UNKNOWN,0,0,,,,,0,0,0,0
2026-02-25T12:30:27.903719,UNKNOWN,0,0,,,,,0,0,0,0
2026-02-25T12:30:30.026467,UNKNOWN,0,0,,,20.1875,0,0,0,0,0
2026-02-25T12:30:31.970181,UNKNOWN,0,0,,,,,0,0,0,0
2026-02-25T12:30:34.018425,UNKNOWN,0,0,19.9375,0,,,0,0,0,0
2026-02-25T12:30:38.012102,UNKNOWN,0,0,19.96875,0,,,0,0,0,0
2026-02-25T12:30:39.989819,UNKNOWN,0,0,,,,,0,0,0,0
2026-02-25T12:30:42.006508,UNKNOWN,0,0,,,20.21875,0,0,0,0,0
2026-02-25T12:30:44.053514,UNKNOWN,0,0,19.9375,0,,,0,0,0,0
2026-02-25T12:30:46.061127,UNKNOWN,0,0,19.96875,0,,,0,0,0,0
2026-02-25T12:30:48.046194,UNKNOWN,0,0,,,,,0,0,0,0
2026-02-25T12:30:50.039323,UNKNOWN,0,0,,,,,0,0,0,0
2026-02-25T12:30:52.143882,UNKNOWN,0,0,,,,,0,0,0,0
2026-02-25T12:30:54.088529,UNKNOWN,0,0,,,,,0,0,0,0
2026-02-25T12:30:56.145873,UNKNOWN,0,0,,,,,0,0,0,0
2026-02-25T12:30:58.186680,UNKNOWN,0,0,,,20.1875,0,0,0,0,0
2026-02-25T12:31:00.233407,UNKNOWN,0,0,,,,,0,0,0,0
2026-02-25T12:31:02.179465,UNKNOWN,0,0,,,20.21875,0,0,0,0,0
2026-02-25T12:31:07.541437,UNKNOWN,0,0,,,,,0,0,0,0
2026-02-25T12:31:14.262344,UNKNOWN,0,0,,,,,0,0,0,0
2026-02-25T12:31:16.207420,UNKNOWN,0,0,,,,,0,0,0,0
2026-02-25T12:31:18.255135,UNKNOWN,0,0,,,20.1875,0,0,0,0,0
2026-02-25T12:31:20.307018,UNKNOWN,0,0,19.9375,0,,,0,0,0,0
2026-02-25T12:31:22.235061,UNKNOWN,0,0,19.96875,0,,,0,0,0,0
2026-02-25T12:31:24.298338,UNKNOWN,0,0,,,,,0,0,0,0
2026-02-25T12:31:30.339097,UNKNOWN,0,0,,,,,0,0,0,0
2026-02-25T12:31:34.333701,UNKNOWN,0,0,,,20.21875,0,0,0,0,0
2026-02-25T12:31:38.326161,UNKNOWN,0,0,,,20.1875,0,0,0,0,0
2026-02-25T12:31:40.375219,UNKNOWN,0,0,,,20.21875,0,0,0,0,0
2026-02-25T12:31:42.343006,UNKNOWN,0,0,,,,,0,0,0,0
2026-02-25T12:31:46.366447,UNKNOWN,0,0,,,20.1875,0,0,0,0,0
2026-02-25T12:31:50.413157,UNKNOWN,0,0,,,20.21875,0,0,0,0,0
2026-02-25T12:31:52.456786,UNKNOWN,0,0,19.9375,0,,,0,0,0,0
2026-02-25T12:31:56.450241,UNKNOWN,0,0,,,20.1875,0,0,0,0,0
2026-02-25T12:31:58.429371,UNKNOWN,0,0,19.96875,0,,,0,0,0,0
2026-02-25T12:32:00.548085,UNKNOWN,0,0,,,20.21875,0,0,0,0,0
2026-02-25T12:32:02.493152,UNKNOWN,0,0,19.9375,0,,,0,0,0,0
2026-02-25T12:32:04.539922,UNKNOWN,0,0,,,20.25,0,0,0,0,0
2026-02-25T12:32:08.534427,UNKNOWN,0,0,19.96875,0,,,0,0,0,0
2026-02-25T12:32:10.582140,UNKNOWN,0,0,,,20.21875,0,0,0,0,0
2026-02-25T12:32:18.568569,UNKNOWN,0,0,,,20.28125,0,0,0,0,0
2026-02-25T12:32:30.653462,UNKNOWN,0,0,,,20.25,0,0,0,0,0
2026-02-25T12:32:36.694321,UNKNOWN,0,0,,,20.21875,0,0,0,0,0
2026-02-25T12:32:40.689343,UNKNOWN,0,0,,,20.25,0,0,0,0,0
2026-02-25T12:32:44.783705,UNKNOWN,0,0,19.9375,0,,,0,0,0,0
2026-02-25T12:32:48.778081,UNKNOWN,0,0,19.96875,0,20.21875,0,0,0,0,0
2026-02-25T12:32:50.825088,UNKNOWN,0,0,,,20.25,0,0,0,0,0
2026-02-25T12:32:54.820239,UNKNOWN,0,0,,,20.21875,0,0,0,0,0
2026-02-25T12:32:58.814605,UNKNOWN,0,0,19.9375,0,,,0,0,0,0
2026-02-25T12:33:00.862593,UNKNOWN,0,0,,,20.1875,0,0,0,0,0
2026-02-25T12:33:02.806700,UNKNOWN,0,0,19.96875,0,,,0,0,0,0
2026-02-25T12:33:04.854216,UNKNOWN,0,0,,,20.15625,0,0,0,0,0
2026-02-25T12:33:08.848796,UNKNOWN,0,0,,,20.1875,0,0,0,0,0
2026-02-25T12:33:18.876509,UNKNOWN,0,0,,,20.15625,0,0,0,0,0
2026-02-25T12:33:33.014402,UNKNOWN,0,0,19.9375,0,,,0,0,0,0
2026-02-25T12:33:36.968636,UNKNOWN,0,0,19.96875,0,,,0,0,0,0
2026-02-25T12:33:39.056824,UNKNOWN,0,0,,,20.1875,0,0,0,0,0
2026-02-25T12:33:43.049692,UNKNOWN,0,0,19.9375,0,,,0,0,0,0
2026-02-25T12:33:45.098268,UNKNOWN,0,0,19.96875,0,,,0,0,0,0
2026-02-25T12:33:47.044617,UNKNOWN,0,0,,,20.15625,0,0,0,0,0
2026-02-25T12:33:49.093529,UNKNOWN,0,0,,,20.1875,0,0,0,0,0
2026-02-25T12:34:03.223840,UNKNOWN,0,0,,,20.21875,0,0,0,0,0
2026-02-25T12:34:19.301080,UNKNOWN,0,0,19.9375,0,,,0,0,0,0
2026-02-25T12:34:21.248206,UNKNOWN,0,0,19.96875,0,20.1875,0,0,0,0,0
2026-02-25T12:34:33.329739,UNKNOWN,0,0,,,20.21875,0,0,0,0,0
2026-02-25T12:34:37.324274,UNKNOWN,0,0,,,20.1875,0,0,0,0,0
2026-02-25T12:34:39.330199,UNKNOWN,0,0,,,20.21875,0,0,0,0,0
2026-02-25T12:34:41.420488,UNKNOWN,0,0,,,20.1875,0,0,0,0,0
2026-02-25T12:34:45.413139,UNKNOWN,0,0,,,20.21875,0,0,0,0,0
2026-02-25T12:34:49.406166,UNKNOWN,0,0,,,20.1875,0,0,0,0,0
2026-02-25T12:34:51.461747,UNKNOWN,0,0,,,20.21875,0,0,0,0,0
2026-02-25T12:34:59.440684,UNKNOWN,0,0,,,20.1875,0,0,0,0,0
2026-02-25T12:35:01.494526,UNKNOWN,0,0,20,0,,,0,0,0,0
2026-02-25T12:35:03.434152,UNKNOWN,0,0,19.96875,0,,,0,0,0,0
2026-02-25T12:35:27.593213,UNKNOWN,0,0,,,20.15625,0,0,0,0,0
2026-02-25T12:35:31.595478,UNKNOWN,0,0,,,20.1875,0,0,0,0,0
2026-02-25T12:35:33.647680,UNKNOWN,0,0,,,20.21875,0,0,0,0,0
2026-02-25T12:35:35.691218,UNKNOWN,0,0,20,0,,,0,0,0,0
2026-02-25T12:35:37.637633,UNKNOWN,0,0,19.9375,0,,,0,0,0,0
2026-02-25T12:35:39.684345,UNKNOWN,0,0,19.96875,0,,,0,0,0,0
2026-02-25T12:35:41.734000,UNKNOWN,0,0,,,20.1875,0,0,0,0,0
2026-02-25T12:35:43.679208,UNKNOWN,0,0,,,20.21875,0,0,0,0,0
2026-02-25T12:35:47.672503,UNKNOWN,0,0,,,20.1875,0,0,0,0,0
2026-02-25T12:35:57.810122,UNKNOWN,0,0,,,20.21875,0,0,0,0,0
2026-02-25T12:36:03.852774,UNKNOWN,0,0,,,20.1875,0,0,0,0,0
2026-02-25T12:36:09.790430,UNKNOWN,0,0,,,20.21875,0,0,0,0,0
2026-02-25T12:36:11.803278,UNKNOWN,0,0,,,20.25,0,0,0,0,0
2026-02-25T12:36:19.929872,UNKNOWN,0,0,,,20.21875,0,0,0,0,0
2026-02-25T12:36:21.874790,UNKNOWN,0,0,,,20.1875,0,0,0,0,0
2026-02-25T12:36:23.922768,UNKNOWN,0,0,,,20.21875,0,0,0,0,0
2026-02-25T12:36:29.963871,UNKNOWN,0,0,20,0,20.25,0,0,0,0,0
2026-02-25T12:36:32.011672,UNKNOWN,0,0,19.96875,0,,,0,0,0,0
2026-02-25T12:36:33.958283,UNKNOWN,0,0,,,20.21875,0,0,0,0,0
2026-02-25T12:36:36.006006,UNKNOWN,0,0,,,20.25,0,0,0,0,0
2026-02-25T12:36:42.047650,UNKNOWN,0,0,,,20.21875,0,0,0,0,0
2026-02-25T12:36:48.059202,UNKNOWN,0,0,,,20.1875,0,0,0,0,0
2026-02-25T12:37:00.175610,UNKNOWN,0,0,,,20.15625,0,0,0,0,0
2026-02-25T12:37:02.118853,UNKNOWN,0,0,,,20.1875,0,0,0,0,0
2026-02-25T12:37:04.166787,UNKNOWN,0,0,,,20.15625,0,0,0,0,0
2026-02-25T12:37:06.112310,UNKNOWN,0,0,,,20.1875,0,0,0,0,0
2026-02-25T12:37:18.196453,UNKNOWN,0,0,,,20.15625,0,0,0,0,0
2026-02-25T12:37:20.345382,UNKNOWN,0,0,,,20.1875,0,0,0,0,0
2026-02-25T12:37:26.285971,UNKNOWN,0,0,,,20.15625,0,0,0,0,0
2026-02-25T12:37:30.280164,UNKNOWN,0,0,20,0,,,0,0,0,0
2026-02-25T12:37:36.319985,UNKNOWN,0,0,19.96875,0,,,0,0,0,0
2026-02-25T12:37:40.317627,UNKNOWN,0,0,20,0,,,0,0,0,0
2026-02-25T12:37:42.363640,UNKNOWN,0,0,19.96875,0,20.1875,0,0,0,0,0
2026-02-25T12:37:46.355285,UNKNOWN,0,0,,,20.15625,0,0,0,0,0
2026-02-25T12:37:48.362256,UNKNOWN,0,0,,,20.1875,0,0,0,0,0
2026-02-25T12:37:50.452149,UNKNOWN,0,0,,,20.15625,0,0,0,0,0
2026-02-25T12:37:52.396819,UNKNOWN,0,0,,,20.1875,0,0,0,0,0
2026-02-25T12:37:54.446002,UNKNOWN,0,0,,,20.15625,0,0,0,0,0
2026-02-25T12:37:56.493124,UNKNOWN,0,0,20,0,,,0,0,0,0
2026-02-25T12:37:58.438528,UNKNOWN,0,0,19.96875,0,20.1875,0,0,0,0,0
2026-02-25T12:38:02.426778,UNKNOWN,0,0,20,0,,,0,0,0,0
2026-02-25T12:38:06.446831,UNKNOWN,0,0,19.96875,0,20.15625,0,0,0,0,0
2026-02-25T12:38:10.465213,UNKNOWN,0,0,,,20.1875,0,0,0,0,0
2026-02-25T12:38:26.599412,UNKNOWN,0,0,,,20.21875,0,0,0,0,0
2026-02-25T12:38:28.649325,UNKNOWN,0,0,,,20.1875,0,0,0,0,0
2026-02-25T12:38:32.573342,UNKNOWN,0,0,,,20.21875,0,0,0,0,0
2026-02-25T12:38:34.690687,UNKNOWN,0,0,,,20.1875,0,0,0,0,0
2026-02-25T12:38:36.636016,UNKNOWN,0,0,,,20.21875,0,0,0,0,0
2026-02-25T12:38:40.730500,UNKNOWN,0,0,20,0,20.25,0,0,0,0,0
2026-02-25T12:38:42.778987,UNKNOWN,0,0,,,20.21875,0,0,0,0,0
2026-02-25T12:38:44.724907,UNKNOWN,0,0,19.96875,0,,,0,0,0,0
2026-02-25T12:38:46.778069,UNKNOWN,0,0,20,0,20.1875,0,0,0,0,0
2026-02-25T12:38:48.718314,UNKNOWN,0,0,19.96875,0,,,0,0,0,0
2026-02-25T12:38:50.766989,UNKNOWN,0,0,,,20.21875,0,0,0,0,0
2026-02-25T12:38:56.808395,UNKNOWN,0,0,,,20.1875,0,0,0,0,0
2026-02-25T12:39:02.851337,UNKNOWN,0,0,,,20.21875,0,0,0,0,0
2026-02-25T12:39:04.795774,UNKNOWN,0,0,,,20.1875,0,0,0,0,0
2026-02-25T12:39:08.787848,UNKNOWN,0,0,20,0,,,0,0,0,0
2026-02-25T12:39:12.884534,UNKNOWN,0,0,19.96875,0,,,0,0,0,0
2026-02-25T12:39:14.831196,UNKNOWN,0,0,20,0,,,0,0,0,0
2026-02-25T12:39:16.879981,UNKNOWN,0,0,19.96875,0,,,0,0,0,0
2026-02-25T12:39:18.928173,UNKNOWN,0,0,20,0,,,0,0,0,0
2026-02-25T12:39:24.970465,UNKNOWN,0,0,19.96875,0,,,0,0,0,0
2026-02-25T12:39:36.950833,UNKNOWN,0,0,20,0,,,0,0,0,0
2026-02-25T12:39:38.998814,UNKNOWN,0,0,19.96875,0,20.15625,0,0,0,0,0
2026-02-25T12:39:41.045878,UNKNOWN,0,0,,,20.1875,0,0,0,0,0
2026-02-25T12:39:57.123201,UNKNOWN,0,0,,,20.15625,0,0,0,0,0
2026-02-25T12:39:59.069564,UNKNOWN,0,0,,,20.1875,0,0,0,0,0
2026-02-25T12:40:05.110327,UNKNOWN,0,0,,,20.21875,0,0,0,0,0
2026-02-25T12:40:07.159548,UNKNOWN,0,0,20,0,,,0,0,0,0
2026-02-25T12:40:11.153054,UNKNOWN,0,0,19.96875,0,,,0,0,0,0
2026-02-25T12:40:17.194329,UNKNOWN,0,0,,,20.1875,0,0,0,0,0
2026-02-25T12:40:19.240930,UNKNOWN,0,0,,,20.21875,0,0,0,0,0
2026-02-25T12:40:21.188752,UNKNOWN,0,0,,,20.25,0,0,0,0,0
2026-02-25T12:40:25.283964,UNKNOWN,0,0,20,0,,,0,0,0,0
2026-02-25T12:40:29.218810,UNKNOWN,0,0,,,20.28125,0,0,0,0,0
2026-02-25T12:40:31.325765,UNKNOWN,0,0,19.96875,0,20.25,0,0,0,0,0
2026-02-25T12:40:33.270261,UNKNOWN,0,0,20,0,20.21875,0,0,0,0,0
2026-02-25T12:40:35.273687,UNKNOWN,0,0,,,20.25,0,0,0,0,0
2026-02-25T12:40:47.402680,UNKNOWN,0,0,,,20.21875,0,0,0,0,0
2026-02-25T12:40:49.348852,UNKNOWN,0,0,19.96875,0,,,0,0,0,0
2026-02-25T12:40:51.396000,UNKNOWN,0,0,20,0,,,0,0,0,0
2026-02-25T12:40:55.390878,UNKNOWN,0,0,19.96875,0,20.1875,0,0,0,0,0
2026-02-25T12:40:57.540093,UNKNOWN,0,0,20,0,,,0,0,0,0
2026-02-25T12:40:59.486642,UNKNOWN,0,0,,,20.21875,0,0,0,0,0
2026-02-25T12:41:01.431428,UNKNOWN,0,0,19.96875,0,20.1875,0,0,0,0,0
2026-02-25T12:41:09.455922,UNKNOWN,0,0,20,0,,,0,0,0,0
2026-02-25T12:41:21.502531,UNKNOWN,0,0,,,20.21875,0,0,0,0,0
2026-02-25T12:41:31.539559,UNKNOWN,0,0,19.96875,0,,,0,0,0,0
2026-02-25T12:41:35.552273,UNKNOWN,0,0,20,0,,,0,0,0,0
2026-02-25T12:41:37.579883,UNKNOWN,0,0,,,20.1875,0,0,0,0,0
2026-02-25T12:41:39.627395,UNKNOWN,0,0,19.96875,0,,,0,0,0,0
2026-02-25T12:41:41.676255,UNKNOWN,0,0,20,0,20.21875,0,0,0,0,0
2026-02-25T12:41:45.671134,UNKNOWN,0,0,19.96875,0,,,0,0,0,0
2026-02-25T12:41:47.716773,UNKNOWN,0,0,,,20.1875,0,0,0,0,0
2026-02-25T12:41:49.663668,UNKNOWN,0,0,,,20.21875,0,0,0,0,0
2026-02-25T12:41:59.802389,UNKNOWN,0,0,,,20.1875,0,0,0,0,0
2026-02-25T12:42:01.747741,UNKNOWN,0,0,20,0,20.15625,0,0,0,0,0
2026-02-25T12:42:03.796135,UNKNOWN,0,0,,,20.1875,0,0,0,0,0
2026-02-25T12:42:05.843020,UNKNOWN,0,0,,,20.21875,0,0,0,0,0
2026-02-25T12:42:13.832797,UNKNOWN,0,0,,,20.1875,0,0,0,0,0
2026-02-25T12:42:15.877670,UNKNOWN,0,0,,,20.21875,0,0,0,0,0
2026-02-25T12:42:17.824161,UNKNOWN,0,0,,,20.25,0,0,0,0,0
2026-02-25T12:42:21.920793,UNKNOWN,0,0,19.96875,0,,,0,0,0,0
2026-02-25T12:42:25.914079,UNKNOWN,0,0,20,0,,,0,0,0,0
2026-02-25T12:42:27.961177,UNKNOWN,0,0,,,20.21875,0,0,0,0,0
2026-02-25T12:42:31.955748,UNKNOWN,0,0,,,20.1875,0,0,0,0,0
2026-02-25T12:42:33.906250,UNKNOWN,0,0,19.96875,0,,,0,0,0,0
2026-02-25T12:42:35.949475,UNKNOWN,0,0,20,0,20.21875,0,0,0,0,0
2026-02-25T12:42:52.027297,UNKNOWN,0,0,,,20.25,0,0,0,0,0
2026-02-25T12:42:54.074326,UNKNOWN,0,0,,,20.21875,0,0,0,0,0
2026-02-25T12:43:04.109806,UNKNOWN,0,0,19.96875,0,,,0,0,0,0
2026-02-25T12:43:06.157954,UNKNOWN,0,0,,,20.25,0,0,0,0,0
2026-02-25T12:43:08.205682,UNKNOWN,0,0,20,0,20.21875,0,0,0,0,0
2026-02-25T12:43:22.248161,UNKNOWN,0,0,,,20.1875,0,0,0,0,0
2026-02-25T12:43:24.166485,UNKNOWN,0,0,,,20.21875,0,0,0,0,0
2026-02-25T12:43:34.318876,UNKNOWN,0,0,,,20.25,0,0,0,0,0
2026-02-25T12:43:38.311999,UNKNOWN,0,0,,,20.21875,0,0,0,0,0
2026-02-25T12:43:40.361066,UNKNOWN,0,0,,,20.25,0,0,0,0,0
2026-02-25T12:43:46.300187,UNKNOWN,0,0,19.96875,0,,,0,0,0,0
2026-02-25T12:43:48.354213,UNKNOWN,0,0,20.03125,0,,,0,0,0,0
2026-02-25T12:43:50.361773,UNKNOWN,0,0,20,0,20.21875,0,0,0,0,0
2026-02-25T12:43:58.382191,UNKNOWN,0,0,,,20.1875,0,0,0,0,0
2026-02-25T12:44:00.430076,UNKNOWN,0,0,,,20.21875,0,0,0,0,0
2026-02-25T12:44:02.478741,UNKNOWN,0,0,,,20.1875,0,0,0,0,0
2026-02-25T12:44:04.423994,UNKNOWN,0,0,,,20.21875,0,0,0,0,0
2026-02-25T12:44:18.556181,UNKNOWN,0,0,,,20.25,0,0,0,0,0
2026-02-25T12:44:24.598597,UNKNOWN,0,0,,,20.28125,0,0,0,0,0
2026-02-25T12:44:26.544593,UNKNOWN,0,0,,,20.25,0,0,0,0,0
2026-02-25T12:44:28.593087,UNKNOWN,0,0,,,20.21875,0,0,0,0,0
2026-02-25T12:44:30.539145,UNKNOWN,0,0,20.03125,0,20.25,0,0,0,0,0
2026-02-25T12:44:32.587010,UNKNOWN,0,0,20,0,,,0,0,0,0
2026-02-25T12:44:36.579505,UNKNOWN,0,0,,,20.21875,0,0,0,0,0
2026-02-25T12:44:44.669257,UNKNOWN,0,0,,,20.25,0,0,0,0,0
2026-02-25T12:44:46.615559,UNKNOWN,0,0,,,20.21875,0,0,0,0,0
2026-02-25T12:44:48.664268,UNKNOWN,0,0,,,,,0,0,0,0
2026-02-25T12:44:50.670986,UNKNOWN,0,0,,,20.1875,0,0,0,0,0
2026-02-25T12:44:52.656621,UNKNOWN,0,0,,,20.21875,0,0,0,0,0
2026-02-25T12:44:54.704941,UNKNOWN,0,0,,,20.1875,0,0,0,0,0
2026-02-25T12:44:58.698733,UNKNOWN,0,0,,,20.21875,0,0,0,0,0
2026-02-25T12:45:06.789496,UNKNOWN,0,0,20.03125,0,,,0,0,0,0
2026-02-25T12:45:08.837275,UNKNOWN,0,0,20,0,,,0,0,0,0
2026-02-25T12:45:14.776015,UNKNOWN,0,0,20.03125,0,,,0,0,0,0
2026-02-25T12:45:16.823982,UNKNOWN,0,0,20,0,,,0,0,0,0
2026-02-25T12:45:18.872986,UNKNOWN,0,0,,,20.25,0,0,0,0,0
2026-02-25T12:45:20.817017,UNKNOWN,0,0,20.03125,0,,,0,0,0,0
2026-02-25T12:45:22.865824,UNKNOWN,0,0,20,0,,,0,0,0,0
2026-02-25T12:45:36.999100,UNKNOWN,0,0,,,20.21875,0,0,0,0,0
2026-02-25T12:45:38.943299,UNKNOWN,0,0,,,20.25,0,0,0,0,0
2026-02-25T12:45:40.990808,UNKNOWN,0,0,,,20.28125,0,0,0,0,0
2026-02-25T12:45:42.934503,UNKNOWN,0,0,,,20.25,0,0,0,0,0
2026-02-25T12:45:44.984608,UNKNOWN,0,0,,,20.21875,0,0,0,0,0
2026-02-25T12:45:55.021509,UNKNOWN,0,0,,,20.25,0,0,0,0,0
2026-02-25T12:45:59.014396,UNKNOWN,0,0,20.03125,0,,,0,0,0,0
2026-02-25T12:46:01.062145,UNKNOWN,0,0,20,0,,,0,0,0,0
2026-02-25T12:46:03.111846,UNKNOWN,0,0,,,20.28125,0,0,0,0,0
2026-02-25T12:46:05.055290,UNKNOWN,0,0,,,20.25,0,0,0,0,0
2026-02-25T12:46:07.087878,UNKNOWN,0,0,,,,,0,0,0,0
2026-02-25T12:46:31.171821,UNKNOWN,0,0,,,20.21875,0,0,0,0,0
2026-02-25T12:46:33.217143,UNKNOWN,0,0,20.03125,0,20.25,0,0,0,0,0
2026-02-25T12:46:35.210108,UNKNOWN,0,0,20,0,20.21875,0,0,0,0,0
2026-02-25T12:46:39.268898,UNKNOWN,0,0,20.03125,0,,,0,0,0,0
2026-02-25T12:46:41.220971,UNKNOWN,0,0,20,0,,,0,0,0,0
2026-02-25T12:46:51.272273,UNKNOWN,0,0,,,20.25,0,0,0,0,0
2026-02-25T12:46:53.388410,UNKNOWN,0,0,,,20.21875,0,0,0,0,0
2026-02-25T12:46:55.336029,UNKNOWN,0,0,,,20.25,0,0,0,0,0
2026-02-25T12:46:57.383914,UNKNOWN,0,0,,,20.21875,0,0,0,0,0
2026-02-25T12:46:59.331137,UNKNOWN,0,0,,,20.25,0,0,0,0,0
2026-02-25T12:47:05.472535,UNKNOWN,0,0,,,20.21875,0,0,0,0,0
2026-02-25T12:47:07.417028,UNKNOWN,0,0,,,20.25,0,0,0,0,0
2026-02-25T12:47:09.466086,UNKNOWN,0,0,,,20.21875,0,0,0,0,0
2026-02-25T12:47:13.462986,UNKNOWN,0,0,,,20.25,0,0,0,0,0
2026-02-25T12:47:17.454544,UNKNOWN,0,0,,,20.28125,0,0,0,0,0
2026-02-25T12:47:21.548917,UNKNOWN,0,0,,,20.25,0,0,0,0,0
2026-02-25T12:47:23.495810,UNKNOWN,0,0,,,20.28125,0,0,0,0,0
2026-02-25T12:47:29.537324,UNKNOWN,0,0,,,20.25,0,0,0,0,0
2026-02-25T12:47:31.584831,UNKNOWN,0,0,,,,,0,0,0,0
2026-02-25T12:47:33.530283,UNKNOWN,0,0,,,,,0,0,0,0
2026-02-25T12:47:53.703067,UNKNOWN,0,0,20.03125,0,,,0,0,0,0
2026-02-25T12:47:57.651454,UNKNOWN,0,0,,,20.21875,0,0,0,0,0
2026-02-25T12:47:59.754148,UNKNOWN,0,0,,,20.25,0,0,0,0,0
2026-02-25T12:48:03.737846,UNKNOWN,0,0,20,0,,,0,0,0,0
2026-02-25T12:48:09.781631,UNKNOWN,0,0,,,20.21875,0,0,0,0,0
2026-02-25T12:48:11.725165,UNKNOWN,0,0,20.03125,0,,,0,0,0,0
2026-02-25T12:48:13.776050,UNKNOWN,0,0,20,0,,,0,0,0,0
2026-02-25T12:48:15.825047,UNKNOWN,0,0,20.03125,0,,,0,0,0,0
2026-02-25T12:48:17.772985,UNKNOWN,0,0,,,20.25,0,0,0,0,0
2026-02-25T12:48:19.816380,UNKNOWN,0,0,20,0,,,0,0,0,0
2026-02-25T12:48:21.863748,UNKNOWN,0,0,,,20.21875,0,0,0,0,0
2026-02-25T12:48:23.811878,UNKNOWN,0,0,,,20.25,0,0,0,0,0
2026-02-25T12:48:25.843484,UNKNOWN,0,0,,,20.21875,0,0,0,0,0
2026-02-25T12:48:31.899466,UNKNOWN,0,0,,,20.25,0,0,0,0,0
2026-02-25T12:48:39.887984,UNKNOWN,0,0,,,20.21875,0,0,0,0,0
2026-02-25T12:48:41.941517,UNKNOWN,0,0,,,20.25,0,0,0,0,0
2026-02-25T12:48:45.928380,UNKNOWN,0,0,,,20.21875,0,0,0,0,0
2026-02-25T12:48:51.942202,UNKNOWN,0,0,,,20.25,0,0,0,0,0
2026-02-25T12:48:55.952174,UNKNOWN,0,0,20.03125,0,,,0,0,0,0
2026-02-25T12:48:58.013115,UNKNOWN,0,0,20,0,,,0,0,0,0
2026-02-25T12:49:00.060171,UNKNOWN,0,0,19.96875,0,20.21875,0,0,0,0,0
2026-02-25T12:49:02.006804,UNKNOWN,0,0,20,0,20.25,0,0,0,0,0
2026-02-25T12:49:06.103214,UNKNOWN,0,0,,,20.21875,0,0,0,0,0
2026-02-25T12:49:12.146039,UNKNOWN,0,0,,,20.25,0,0,0,0,0
2026-02-25T12:49:18.187484,UNKNOWN,0,0,,,,,0,0,0,0
2026-02-25T12:49:22.181303,UNKNOWN,0,0,,,,,0,0,0,0
2026-02-25T12:49:34.262925,UNKNOWN,0,0,20.03125,0,,,0,0,0,0
2026-02-25T12:49:36.208514,UNKNOWN,0,0,20,0,,,0,0,0,0
2026-02-25T12:49:38.257221,UNKNOWN,0,0,,,,,0,0,0,0
2026-02-25T12:49:40.305780,UNKNOWN,0,0,20.03125,0,,,0,0,0,0
2026-02-25T12:49:42.250180,UNKNOWN,0,0,20,0,,,0,0,0,0
2026-02-25T12:49:48.292336,UNKNOWN,0,0,,,20.21875,0,0,0,0,0
2026-02-25T12:49:50.341329,UNKNOWN,0,0,,,20.25,0,0,0,0,0
2026-02-25T12:49:52.285818,UNKNOWN,0,0,,,20.28125,0,0,0,0,0
2026-02-25T12:49:54.334794,UNKNOWN,0,0,,,20.25,0,0,0,0,0
2026-02-25T12:50:02.424270,UNKNOWN,0,0,,,20.21875,0,0,0,0,0
2026-02-25T12:50:08.466435,UNKNOWN,0,0,,,20.25,0,0,0,0,0
2026-02-25T12:50:16.453636,UNKNOWN,0,0,20.03125,0,20.21875,0,0,0,0,0
2026-02-25T12:50:18.501850,UNKNOWN,0,0,20,0,20.25,0,0,0,0,0
2026-02-25T12:50:20.446188,UNKNOWN,0,0,20.03125,0,20.21875,0,0,0,0,0
2026-02-25T12:50:24.542177,UNKNOWN,0,0,20,0,,,0,0,0,0
2026-02-25T12:50:26.489529,UNKNOWN,0,0,,,20.25,0,0,0,0,0
2026-02-25T12:50:30.584100,UNKNOWN,0,0,,,20.21875,0,0,0,0,0
2026-02-25T12:50:40.621265,UNKNOWN,0,0,,,,,0,0,0,0
2026-02-25T12:50:42.566256,UNKNOWN,0,0,,,20.25,0,0,0,0,0
2026-02-25T12:50:52.586237,UNKNOWN,0,0,,,20.21875,0,0,0,0,0
2026-02-25T12:50:54.649737,UNKNOWN,0,0,,,20.25,0,0,0,0,0
2026-02-25T12:50:56.697874,UNKNOWN,0,0,,,20.21875,0,0,0,0,0
2026-02-25T12:51:08.679775,UNKNOWN,0,0,,,20.25,0,0,0,0,0
2026-02-25T12:51:10.725746,UNKNOWN,0,0,20.03125,0,20.28125,0,0,0,0,0
2026-02-25T12:51:12.697225,UNKNOWN,0,0,20,0,20.25,0,0,0,0,0
2026-02-25T12:51:18.818211,UNKNOWN,0,0,,,20.21875,0,0,0,0,0
2026-02-25T12:51:20.864441,UNKNOWN,0,0,,,20.25,0,0,0,0,0
2026-02-25T12:51:32.845300,UNKNOWN,0,0,,,20.28125,0,0,0,0,0
2026-02-25T12:51:34.893188,UNKNOWN,0,0,20.03125,0,,,0,0,0,0
2026-02-25T12:51:36.839839,UNKNOWN,0,0,20,0,,,0,0,0,0
2026-02-25T12:51:46.977021,UNKNOWN,0,0,,,20.25,0,0,0,0,0
2026-02-25T12:51:52.987539,UNKNOWN,0,0,,,20.28125,0,0,0,0,0
2026-02-25T12:51:54.964636,UNKNOWN,0,0,20.03125,0,,,0,0,0,0
2026-02-25T12:51:58.937345,UNKNOWN,0,0,20,0,,,0,0,0,0
2026-02-25T12:52:01.005007,UNKNOWN,0,0,20.03125,0,,,0,0,0,0
2026-02-25T12:52:02.966779,UNKNOWN,0,0,,,20.25,0,0,0,0,0
2026-02-25T12:52:05.000977,UNKNOWN,0,0,20,0,20.28125,0,0,0,0,0
2026-02-25T12:52:06.990460,UNKNOWN,0,0,,,20.25,0,0,0,0,0
2026-02-25T12:52:13.090156,UNKNOWN,0,0,,,20.28125,0,0,0,0,0
2026-02-25T12:52:17.083646,UNKNOWN,0,0,,,20.25,0,0,0,0,0
2026-02-25T12:52:21.068659,UNKNOWN,0,0,,,20.28125,0,0,0,0,0
2026-02-25T12:52:25.174067,UNKNOWN,0,0,20.03125,0,20.21875,0,0,0,0,0
2026-02-25T12:52:27.118660,UNKNOWN,0,0,20,0,,,0,0,0,0
2026-02-25T12:52:33.130955,UNKNOWN,0,0,,,20.28125,0,0,0,0,0
2026-02-25T12:52:39.203548,UNKNOWN,0,0,20.03125,0,20.25,0,0,0,0,0
2026-02-25T12:52:41.249264,UNKNOWN,0,0,20,0,,,0,0,0,0
2026-02-25T12:52:53.270201,UNKNOWN,0,0,,,,,0,0,0,0
2026-02-25T12:52:55.278973,UNKNOWN,0,0,,,,,0,0,0,0
2026-02-25T12:53:11.357307,UNKNOWN,0,0,,,20.28125,0,0,0,0,0
2026-02-25T12:53:15.351393,UNKNOWN,0,0,,,20.25,0,0,0,0,0
2026-02-25T12:53:17.400781,UNKNOWN,0,0,,,,,0,0,0,0
2026-02-25T12:53:19.549169,UNKNOWN,0,0,20.03125,0,,,0,0,0,0
2026-02-25T12:53:21.495993,UNKNOWN,0,0,20,0,,,0,0,0,0
2026-02-25T12:53:25.488961,UNKNOWN,0,0,20.03125,0,20.28125,0,0,0,0,0
2026-02-25T12:53:27.435105,UNKNOWN,0,0,20,0,,,0,0,0,0
2026-02-25T12:53:31.529539,UNKNOWN,0,0,20.03125,0,,,0,0,0,0
2026-02-25T12:53:33.477970,UNKNOWN,0,0,20,0,,,0,0,0,0
2026-02-25T12:53:35.527865,UNKNOWN,0,0,,,20.34375,0,0,0,0,0
2026-02-25T12:53:39.517790,UNKNOWN,0,0,,,20.3125,0,0,0,0,0
2026-02-25T12:53:43.615525,UNKNOWN,0,0,,,20.28125,0,0,0,0,0
2026-02-25T12:53:45.558890,UNKNOWN,0,0,,,20.3125,0,0,0,0,0
2026-02-25T12:53:51.600713,UNKNOWN,0,0,,,20.28125,0,0,0,0,0
2026-02-25T12:53:57.579290,UNKNOWN,0,0,,,20.25,0,0,0,0,0
2026-02-25T12:53:59.692547,UNKNOWN,0,0,20.03125,0,20.28125,0,0,0,0,0
2026-02-25T12:54:01.740166,UNKNOWN,0,0,20,0,,,0,0,0,0
2026-02-25T12:54:05.733239,UNKNOWN,0,0,20.03125,0,,,0,0,0,0
2026-02-25T12:54:09.669985,UNKNOWN,0,0,20,0,20.25,0,0,0,0,0
2026-02-25T12:54:17.712995,UNKNOWN,0,0,,,20.21875,0,0,0,0,0
2026-02-25T12:54:29.797250,UNKNOWN,0,0,,,20.25,0,0,0,0,0
2026-02-25T12:54:31.845529,UNKNOWN,0,0,,,20.21875,0,0,0,0,0
2026-02-25T12:54:39.834237,UNKNOWN,0,0,20.03125,0,,,0,0,0,0
2026-02-25T12:54:41.886767,UNKNOWN,0,0,20,0,,,0,0,0,0
2026-02-25T12:54:49.855663,UNKNOWN,0,0,20.03125,0,,,0,0,0,0
2026-02-25T12:54:51.914973,UNKNOWN,0,0,20,0,,,0,0,0,0
2026-02-25T12:54:53.922424,UNKNOWN,0,0,20.03125,0,,,0,0,0,0
2026-02-25T12:54:55.909476,UNKNOWN,0,0,20,0,,,0,0,0,0
2026-02-25T12:55:05.945045,UNKNOWN,0,0,,,20.25,0,0,0,0,0
2026-02-25T12:55:07.994152,UNKNOWN,0,0,,,20.21875,0,0,0,0,0
2026-02-25T12:55:11.987295,UNKNOWN,0,0,,,20.25,0,0,0,0,0
2026-02-25T12:55:14.034333,UNKNOWN,0,0,,,20.21875,0,0,0,0,0
2026-02-25T12:55:16.084153,UNKNOWN,0,0,,,20.25,0,0,0,0,0
2026-02-25T12:55:22.125167,UNKNOWN,0,0,,,20.21875,0,0,0,0,0
2026-02-25T12:55:24.069801,UNKNOWN,0,0,,,20.25,0,0,0,0,0
2026-02-25T12:55:32.160122,UNKNOWN,0,0,,,20.21875,0,0,0,0,0
2026-02-25T12:55:34.108595,UNKNOWN,0,0,20.03125,0,20.25,0,0,0,0,0
2026-02-25T12:55:36.100433,UNKNOWN,0,0,20,0,,,0,0,0,0
2026-02-25T12:55:40.122585,UNKNOWN,0,0,20.03125,0,,,0,0,0,0
2026-02-25T12:55:42.194404,UNKNOWN,0,0,20,0,,,0,0,0,0
2026-02-25T12:55:44.244501,UNKNOWN,0,0,,,20.28125,0,0,0,0,0
2026-02-25T12:55:46.188322,UNKNOWN,0,0,,,20.25,0,0,0,0,0
2026-02-25T12:55:58.222096,UNKNOWN,0,0,,,,,0,0,0,0
2026-02-25T12:56:00.321132,UNKNOWN,0,0,,,20.21875,0,0,0,0,0
2026-02-25T12:56:02.265058,UNKNOWN,0,0,,,20.25,0,0,0,0,0
2026-02-25T12:56:06.363934,UNKNOWN,0,0,20.03125,0,,,0,0,0,0
2026-02-25T12:56:10.355806,UNKNOWN,0,0,20,0,,,0,0,0,0
2026-02-25T12:56:14.352163,UNKNOWN,0,0,20.03125,0,,,0,0,0,0
2026-02-25T12:56:20.391656,UNKNOWN,0,0,20,0,,,0,0,0,0
2026-02-25T12:56:22.441003,UNKNOWN,0,0,,,20.21875,0,0,0,0,0
2026-02-25T12:56:24.386680,UNKNOWN,0,0,,,20.25,0,0,0,0,0
2026-02-25T12:56:26.433136,UNKNOWN,0,0,20.03125,0,,,0,0,0,0
2026-02-25T12:56:28.480938,UNKNOWN,0,0,20,0,,,0,0,0,0
2026-02-25T12:56:30.432952,UNKNOWN,0,0,20.03125,0,,,0,0,0,0
2026-02-25T12:56:34.422089,UNKNOWN,0,0,20,0,20.21875,0,0,0,0,0
2026-02-25T12:56:36.470067,UNKNOWN,0,0,,,20.25,0,0,0,0,0
2026-02-25T12:56:48.552710,UNKNOWN,0,0,,,20.28125,0,0,0,0,0
2026-02-25T12:56:56.539096,UNKNOWN,0,0,,,20.25,0,0,0,0,0
2026-02-25T12:56:58.588062,UNKNOWN,0,0,,,20.21875,0,0,0,0,0
2026-02-25T12:57:00.637338,UNKNOWN,0,0,,,20.25,0,0,0,0,0
2026-02-25T12:57:02.583269,UNKNOWN,0,0,,,20.28125,0,0,0,0,0
2026-02-25T12:57:04.630542,UNKNOWN,0,0,20.03125,0,,,0,0,0,0
2026-02-25T12:57:06.679098,UNKNOWN,0,0,20,0,20.25,0,0,0,0,0
2026-02-25T12:57:08.624623,UNKNOWN,0,0,20.03125,0,,,0,0,0,0
2026-02-25T12:57:14.666077,UNKNOWN,0,0,20,0,,,0,0,0,0
2026-02-25T12:57:16.713067,UNKNOWN,0,0,,,20.28125,0,0,0,0,0
2026-02-25T12:57:18.661292,UNKNOWN,0,0,,,20.25,0,0,0,0,0
2026-02-25T12:57:20.709504,UNKNOWN,0,0,,,20.28125,0,0,0,0,0
2026-02-25T12:57:22.755186,UNKNOWN,0,0,,,20.3125,0,0,0,0,0
2026-02-25T12:57:28.799194,UNKNOWN,0,0,,,20.28125,0,0,0,0,0
2026-02-25T12:57:30.741126,UNKNOWN,0,0,20.03125,0,,,0,0,0,0
2026-02-25T12:57:34.838566,UNKNOWN,0,0,20,0,,,0,0,0,0
2026-02-25T12:57:38.761388,UNKNOWN,0,0,,,20.3125,0,0,0,0,0
2026-02-25T12:57:40.777182,UNKNOWN,0,0,20.03125,0,,,0,0,0,0
2026-02-25T12:57:42.826122,UNKNOWN,0,0,20,0,,,0,0,0,0
2026-02-25T12:57:44.875062,UNKNOWN,0,0,20.03125,0,,,0,0,0,0
2026-02-25T12:57:48.867504,UNKNOWN,0,0,20,0,,,0,0,0,0
2026-02-25T12:57:58.905423,UNKNOWN,0,0,,,20.28125,0,0,0,0,0
2026-02-25T12:58:10.987955,UNKNOWN,0,0,20.03125,0,20.25,0,0,0,0,0
2026-02-25T12:58:13.033849,UNKNOWN,0,0,20,0,,,0,0,0,0
2026-02-25T12:58:23.070099,UNKNOWN,0,0,,,20.21875,0,0,0,0,0
2026-02-25T12:58:35.051104,UNKNOWN,0,0,20.03125,0,,,0,0,0,0
2026-02-25T12:58:39.064416,UNKNOWN,0,0,20,0,,,0,0,0,0
2026-02-25T12:58:41.093102,UNKNOWN,0,0,20.03125,0,20.25,0,0,0,0,0
2026-02-25T12:58:43.140749,UNKNOWN,0,0,20,0,20.21875,0,0,0,0,0
2026-02-25T12:58:45.189677,UNKNOWN,0,0,,,20.25,0,0,0,0,0
2026-02-25T12:58:47.109404,UNKNOWN,0,0,,,,,0,0,0,0
2026-02-25T12:58:49.184449,UNKNOWN,0,0,,,20.21875,0,0,0,0,0
2026-02-25T12:58:51.232269,UNKNOWN,0,0,,,20.25,0,0,0,0,0
2026-02-25T12:58:53.177717,UNKNOWN,0,0,,,20.28125,0,0,0,0,0
2026-02-25T12:58:57.273226,UNKNOWN,0,0,,,20.25,0,0,0,0,0
2026-02-25T12:58:59.217748,UNKNOWN,0,0,,,,,0,0,0,0
2026-02-25T12:59:01.267563,UNKNOWN,0,0,,,20.21875,0,0,0,0,0
2026-02-25T12:59:03.317312,UNKNOWN,0,0,20.03125,0,,,0,0,0,0
2026-02-25T12:59:05.261908,UNKNOWN,0,0,20,0,20.25,0,0,0,0,0
2026-02-25T12:59:07.307479,UNKNOWN,0,0,,,,,0,0,0,0
2026-02-25T12:59:11.303276,UNKNOWN,0,0,,,,,0,0,0,0
2026-02-25T12:59:13.352344,UNKNOWN,0,0,,,20.21875,0,0,0,0,0
2026-02-25T12:59:15.297703,UNKNOWN,0,0,,,20.25,0,0,0,0,0
2026-02-25T12:59:27.382063,UNKNOWN,0,0,20.03125,0,,,0,0,0,0
2026-02-25T12:59:29.428257,UNKNOWN,0,0,20,0,,,0,0,0,0
2026-02-25T12:59:31.478189,UNKNOWN,0,0,20.03125,0,,,0,0,0,0
2026-02-25T12:59:33.420923,UNKNOWN,0,0,,,,,0,0,0,0
2026-02-25T12:59:35.470150,UNKNOWN,0,0,20,0,,,0,0,0,0
2026-02-25T12:59:39.461801,UNKNOWN,0,0,,,20.28125,0,0,0,0,0
2026-02-25T12:59:41.525345,UNKNOWN,0,0,,,20.25,0,0,0,0,0
2026-02-25T12:59:51.545784,UNKNOWN,0,0,,,20.28125,0,0,0,0,0
2026-02-25T12:59:53.593649,UNKNOWN,0,0,,,20.25,0,0,0,0,0
2026-02-25T12:59:55.501740,UNKNOWN,0,0,,,20.28125,0,0,0,0,0
2026-02-25T13:00:01.582160,UNKNOWN,0,0,,,20.25,0,0,0,0,0
2026-02-25T13:00:03.541212,UNKNOWN,0,0,20.03125,0,20.28125,0,0,0,0,0
2026-02-25T13:00:05.576415,UNKNOWN,0,0,20,0,,,0,0,0,0
2026-02-25T13:00:09.671272,UNKNOWN,0,0,,,,,0,0,0,0
2026-02-25T13:00:11.617047,UNKNOWN,0,0,20.03125,0,20.25,0,0,0,0,0
2026-02-25T13:00:15.714290,UNKNOWN,0,0,20,0,,,0,0,0,0
2026-02-25T13:00:17.658030,UNKNOWN,0,0,,,20.28125,0,0,0,0,0
2026-02-25T13:00:19.707215,UNKNOWN,0,0,20.03125,0,20.25,0,0,0,0,0
2026-02-25T13:00:21.754124,UNKNOWN,0,0,20,0,,,0,0,0,0
2026-02-25T13:00:23.700273,UNKNOWN,0,0,,,,,0,0,0,0
2026-02-25T13:00:29.743304,UNKNOWN,0,0,,,,,0,0,0,0
2026-02-25T13:00:31.709698,UNKNOWN,0,0,,,,,0,0,0,0
2026-02-25T13:00:33.736014,UNKNOWN,0,0,,,20.28125,0,0,0,0,0
2026-02-25T13:00:37.832831,UNKNOWN,0,0,,,20.3125,0,0,0,0,0
2026-02-25T13:00:41.825235,UNKNOWN,0,0,,,20.28125,0,0,0,0,0
2026-02-25T13:00:43.874196,UNKNOWN,0,0,,,20.25,0,0,0,0,0
2026-02-25T13:00:45.820225,UNKNOWN,0,0,,,20.28125,0,0,0,0,0
2026-02-25T13:00:47.867713,UNKNOWN,0,0,,,20.25,0,0,0,0,0
2026-02-25T13:00:51.861417,UNKNOWN,0,0,20.03125,0,,,0,0,0,0
2026-02-25T13:00:53.910059,UNKNOWN,0,0,20,0,,,0,0,0,0
2026-02-25T13:00:55.856249,UNKNOWN,0,0,20.03125,0,20.21875,0,0,0,0,0
2026-02-25T13:00:57.903325,UNKNOWN,0,0,,,,,0,0,0,0
2026-02-25T13:00:59.952212,UNKNOWN,0,0,20,0,,,0,0,0,0
2026-02-25T13:01:01.898628,UNKNOWN,0,0,,,20.25,0,0,0,0,0
2026-02-25T13:01:03.944233,UNKNOWN,0,0,,,20.21875,0,0,0,0,0
2026-02-25T13:01:05.993957,UNKNOWN,0,0,,,20.25,0,0,0,0,0
2026-02-25T13:01:09.920879,UNKNOWN,0,0,,,,,0,0,0,0
2026-02-25T13:01:11.931927,UNKNOWN,0,0,,,,,0,0,0,0
2026-02-25T13:01:13.936025,UNKNOWN,0,0,,,,,0,0,0,0
2026-02-25T13:01:15.954686,UNKNOWN,0,0,,,,,0,0,0,0
2026-02-25T13:01:17.975242,UNKNOWN,0,0,,,,,0,0,0,0
2026-02-25T13:01:20.021418,UNKNOWN,0,0,,,20.28125,0,0,0,0,0
2026-02-25T13:01:22.070543,UNKNOWN,0,0,,,20.3125,0,0,0,0,0
2026-02-25T13:01:24.015851,UNKNOWN,0,0,,,20.28125,0,0,0,0,0
2026-02-25T13:01:26.064524,UNKNOWN,0,0,,,20.25,0,0,0,0,0
2026-02-25T13:01:28.113226,UNKNOWN,0,0,,,20.28125,0,0,0,0,0
2026-02-25T13:01:30.056912,UNKNOWN,0,0,,,,,0,0,0,0
2026-02-25T13:01:34.154123,UNKNOWN,0,0,20.03125,0,20.3125,0,0,0,0,0
2026-02-25T13:01:36.099331,UNKNOWN,0,0,20,0,,,0,0,0,0
2026-02-25T13:01:38.149107,UNKNOWN,0,0,,,,,0,0,0,0
2026-02-25T13:01:40.195902,UNKNOWN,0,0,20.03125,0,,,0,0,0,0
2026-02-25T13:01:42.143236,UNKNOWN,0,0,20,0,,,0,0,0,0
2026-02-25T13:01:52.177446,UNKNOWN,0,0,,,,,0,0,0,0
2026-02-25T13:01:54.225017,UNKNOWN,0,0,,,,,0,0,0,0
2026-02-25T13:02:00.267269,UNKNOWN,0,0,,,,,0,0,0,0
2026-02-25T13:02:02.315222,UNKNOWN,0,0,,,20.28125,0,0,0,0,0
2026-02-25T13:02:04.363212,UNKNOWN,0,0,20.03125,0,,,0,0,0,0
2026-02-25T13:02:06.308493,UNKNOWN,0,0,20,0,,,0,0,0,0
2026-02-25T13:02:08.358681,UNKNOWN,0,0,,,,,0,0,0,0
2026-02-25T13:02:14.288235,UNKNOWN,0,0,,,20.3125,0,0,0,0,0
2026-02-25T13:02:18.391206,UNKNOWN,0,0,20.03125,0,20.28125,0,0,0,0,0
2026-02-25T13:02:20.438520,UNKNOWN,0,0,,,,,0,0,0,0
2026-02-25T13:02:22.387217,UNKNOWN,0,0,20,0,,,0,0,0,0
2026-02-25T13:02:26.379805,UNKNOWN,0,0,,,20.25,0,0,0,0,0
2026-02-25T13:02:28.428165,UNKNOWN,0,0,,,,,0,0,0,0
2026-02-25T13:02:30.475139,UNKNOWN,0,0,,,,,0,0,0,0
2026-02-25T13:02:32.420855,UNKNOWN,0,0,,,20.28125,0,0,0,0,0
2026-02-25T13:02:34.470805,UNKNOWN,0,0,,,,,0,0,0,0
2026-02-25T13:02:36.517692,UNKNOWN,0,0,,,,,0,0,0,0
2026-02-25T13:02:38.463456,UNKNOWN,0,0,,,20.25,0,0,0,0,0
2026-02-25T13:02:40.447422,UNKNOWN,0,0,,,20.28125,0,0,0,0,0
2026-02-25T13:02:44.504763,UNKNOWN,0,0,,,20.25,0,0,0,0,0
2026-02-25T13:02:46.554252,UNKNOWN,0,0,20.03125,0,,,0,0,0,0
2026-02-25T13:02:48.605544,UNKNOWN,0,0,20,0,,,0,0,0,0
2026-02-25T13:02:50.547192,UNKNOWN,0,0,20.03125,0,,,0,0,0,0
2026-02-25T13:02:54.643242,UNKNOWN,0,0,,,20.28125,0,0,0,0,0
2026-02-25T13:02:56.587949,UNKNOWN,0,0,20,0,,,0,0,0,0
2026-02-25T13:02:58.637000,UNKNOWN,0,0,,,,,0,0,0,0
2026-02-25T13:03:00.584180,UNKNOWN,0,0,20.03125,0,20.25,0,0,0,0,0
2026-02-25T13:03:02.629008,UNKNOWN,0,0,,,,,0,0,0,0
2026-02-25T13:03:04.678756,UNKNOWN,0,0,,,,,0,0,0,0
2026-02-25T13:03:06.604206,UNKNOWN,0,0,20,0,,,0,0,0,0
2026-02-25T13:03:08.774886,UNKNOWN,0,0,,,20.28125,0,0,0,0,0
2026-02-25T13:03:10.720286,UNKNOWN,0,0,,,20.3125,0,0,0,0,0
2026-02-25T13:03:12.664478,UNKNOWN,0,0,20.03125,0,20.28125,0,0,0,0,0
2026-02-25T13:03:14.712785,UNKNOWN,0,0,20,0,,,0,0,0,0
2026-02-25T13:03:20.756167,UNKNOWN,0,0,20.03125,0,,,0,0,0,0
2026-02-25T13:03:22.803065,UNKNOWN,0,0,,,20.3125,0,0,0,0,0
2026-02-25T13:03:24.749909,UNKNOWN,0,0,20,0,,,0,0,0,0
2026-02-25T13:03:30.790952,UNKNOWN,0,0,20.03125,0,,,0,0,0,0
2026-02-25T13:03:34.784322,UNKNOWN,0,0,,,,,0,0,0,0
2026-02-25T13:03:36.833159,UNKNOWN,0,0,,,20.28125,0,0,0,0,0
2026-02-25T13:03:38.881459,UNKNOWN,0,0,,,,,0,0,0,0
2026-02-25T13:03:42.874468,UNKNOWN,0,0,,,20.3125,0,0,0,0,0
2026-02-25T13:03:46.868277,UNKNOWN,0,0,,,20.28125,0,0,0,0,0
2026-02-25T13:03:48.916786,UNKNOWN,0,0,20,0,,,0,0,0,0
2026-02-25T13:03:50.854242,UNKNOWN,0,0,20.03125,0,20.3125,0,0,0,0,0
2026-02-25T13:03:52.910537,UNKNOWN,0,0,20,0,,,0,0,0,0
2026-02-25T13:03:54.957136,UNKNOWN,0,0,,,,,0,0,0,0
2026-02-25T13:03:56.904276,UNKNOWN,0,0,,,,,0,0,0,0
2026-02-25T13:03:58.951710,UNKNOWN,0,0,20.03125,0,,,0,0,0,0
2026-02-25T13:04:00.999289,UNKNOWN,0,0,20,0,,,0,0,0,0
2026-02-25T13:04:02.945963,UNKNOWN,0,0,20.03125,0,,,0,0,0,0
2026-02-25T13:04:04.993011,UNKNOWN,0,0,,,20.34375,0,0,0,0,0
2026-02-25T13:04:07.041059,UNKNOWN,0,0,,,20.3125,0,0,0,0,0
2026-02-25T13:04:11.033400,UNKNOWN,0,0,20,0,20.28125,0,0,0,0,0
2026-02-25T13:04:13.083819,UNKNOWN,0,0,,,,,0,0,0,0
2026-02-25T13:04:15.029968,UNKNOWN,0,0,20.03125,0,,,0,0,0,0
2026-02-25T13:04:17.076013,UNKNOWN,0,0,,,,,0,0,0,0
2026-02-25T13:04:19.022955,UNKNOWN,0,0,,,,,0,0,0,0
2026-02-25T13:04:23.119405,UNKNOWN,0,0,20,0,,,0,0,0,0
2026-02-25T13:04:25.063742,UNKNOWN,0,0,20.03125,0,,,0,0,0,0
2026-02-25T13:04:27.112008,UNKNOWN,0,0,,,20.3125,0,0,0,0,0
2026-02-25T13:04:29.159666,UNKNOWN,0,0,,,20.28125,0,0,0,0,0
2026-02-25T13:04:31.105514,UNKNOWN,0,0,,,20.25,0,0,0,0,0
2026-02-25T13:04:33.154854,UNKNOWN,0,0,20,0,,,0,0,0,0
2026-02-25T13:04:35.110955,UNKNOWN,0,0,,,20.28125,0,0,0,0,0
2026-02-25T13:04:39.196163,UNKNOWN,0,0,20.03125,0,20.25,0,0,0,0,0
2026-02-25T13:04:41.245201,UNKNOWN,0,0,20,0,20.28125,0,0,0,0,0
2026-02-25T13:04:45.240216,UNKNOWN,0,0,20.03125,0,,,0,0,0,0
2026-02-25T13:04:47.192187,UNKNOWN,0,0,,,20.3125,0,0,0,0,0
2026-02-25T13:04:49.232123,UNKNOWN,0,0,,,20.28125,0,0,0,0,0
2026-02-25T13:04:53.328071,UNKNOWN,0,0,20,0,20.3125,0,0,0,0,0
2026-02-25T13:04:55.271938,UNKNOWN,0,0,,,20.28125,0,0,0,0,0
2026-02-25T13:04:59.266432,UNKNOWN,0,0,20.03125,0,20.3125,0,0,0,0,0
2026-02-25T13:05:03.362270,UNKNOWN,0,0,,,20.34375,0,0,0,0,0
2026-02-25T13:05:05.309325,UNKNOWN,0,0,,,20.375,0,0,0,0,0
2026-02-25T13:05:09.406223,UNKNOWN,0,0,20,0,,,0,0,0,0
2026-02-25T13:05:11.350943,UNKNOWN,0,0,20.03125,0,20.34375,0,0,0,0,0
2026-02-25T13:05:13.398899,UNKNOWN,0,0,20,0,,,0,0,0,0
2026-02-25T13:05:15.447242,UNKNOWN,0,0,20.03125,0,20.375,0,0,0,0,0
2026-02-25T13:05:17.391945,UNKNOWN,0,0,20,0,20.34375,0,0,0,0,0
2026-02-25T13:05:19.440493,UNKNOWN,0,0,20.03125,0,20.375,0,0,0,0,0
2026-02-25T13:05:21.489441,UNKNOWN,0,0,20,0,20.34375,0,0,0,0,0
2026-02-25T13:05:25.482435,UNKNOWN,0,0,20.03125,0,,,0,0,0,0
2026-02-25T13:05:27.529403,UNKNOWN,0,0,,,20.3125,0,0,0,0,0
2026-02-25T13:05:31.447396,UNKNOWN,0,0,20,0,20.34375,0,0,0,0,0
2026-02-25T13:05:33.453820,UNKNOWN,0,0,,,,,0,0,0,0
2026-02-25T13:05:35.465275,UNKNOWN,0,0,20.03125,0,20.3125,0,0,0,0,0
2026-02-25T13:05:37.567249,UNKNOWN,0,0,,,20.34375,0,0,0,0,0
2026-02-25T13:05:39.511226,UNKNOWN,0,0,,,20.3125,0,0,0,0,0
2026-02-25T13:05:43.609684,UNKNOWN,0,0,,,20.28125,0,0,0,0,0
2026-02-25T13:05:47.601033,UNKNOWN,0,0,,,20.3125,0,0,0,0,0
2026-02-25T13:05:53.645457,UNKNOWN,0,0,,,20.34375,0,0,0,0,0
2026-02-25T13:05:57.636899,UNKNOWN,0,0,,,20.3125,0,0,0,0,0
2026-02-25T13:05:59.684949,UNKNOWN,0,0,,,20.28125,0,0,0,0,0
2026-02-25T13:06:01.630261,UNKNOWN,0,0,,,,,0,0,0,0
2026-02-25T13:06:03.678275,UNKNOWN,0,0,,,20.3125,0,0,0,0,0
2026-02-25T13:06:05.827737,UNKNOWN,0,0,,,,,0,0,0,0
2026-02-25T13:06:19.757009,UNKNOWN,0,0,,,20.34375,0,0,0,0,0
2026-02-25T13:06:23.748535,UNKNOWN,0,0,,,20.3125,0,0,0,0,0
2026-02-25T13:06:25.796553,UNKNOWN,0,0,20,0,20.34375,0,0,0,0,0
2026-02-25T13:06:27.845906,UNKNOWN,0,0,20.03125,0,20.3125,0,0,0,0,0
2026-02-25T13:06:33.891250,UNKNOWN,0,0,,,20.34375,0,0,0,0,0
2026-02-25T13:06:37.883211,UNKNOWN,0,0,,,,,0,0,0,0
2026-02-25T13:06:41.874323,UNKNOWN,0,0,,,,,0,0,0,0
2026-02-25T13:06:43.922091,UNKNOWN,0,0,,,20.3125,0,0,0,0,0
2026-02-25T13:06:51.910066,UNKNOWN,0,0,,,20.34375,0,0,0,0,0
2026-02-25T13:06:55.905589,UNKNOWN,0,0,,,20.3125,0,0,0,0,0
2026-02-25T13:07:03.994193,UNKNOWN,0,0,20,0,,,0,0,0,0
2026-02-25T13:07:06.041327,UNKNOWN,0,0,20.03125,0,,,0,0,0,0
2026-02-25T13:07:07.986154,UNKNOWN,0,0,,,20.34375,0,0,0,0,0
2026-02-25T13:07:09.988616,UNKNOWN,0,0,20,0,,,0,0,0,0
2026-02-25T13:07:12.084323,UNKNOWN,0,0,,,20.3125,0,0,0,0,0
2026-02-25T13:07:16.079029,UNKNOWN,0,0,20.03125,0,,,0,0,0,0
2026-02-25T13:07:22.232097,UNKNOWN,0,0,,,20.34375,0,0,0,0,0
2026-02-25T13:07:24.064196,UNKNOWN,0,0,,,,,0,0,0,0
2026-02-25T13:07:26.113037,UNKNOWN,0,0,,,,,0,0,0,0
2026-02-25T13:07:32.154114,UNKNOWN,0,0,,,20.3125,0,0,0,0,0
2026-02-25T13:07:42.188975,UNKNOWN,0,0,,,20.34375,0,0,0,0,0
2026-02-25T13:07:44.240177,UNKNOWN,0,0,,,20.3125,0,0,0,0,0
2026-02-25T13:07:46.183776,UNKNOWN,0,0,,,20.28125,0,0,0,0,0
2026-02-25T13:07:50.195063,UNKNOWN,0,0,20,0,20.3125,0,0,0,0,0
2026-02-25T13:07:52.225413,UNKNOWN,0,0,20.03125,0,,,0,0,0,0
2026-02-25T13:07:54.275089,UNKNOWN,0,0,,,,,0,0,0,0
2026-02-25T13:07:56.320266,UNKNOWN,0,0,,,,,0,0,0,0
2026-02-25T13:07:58.268263,UNKNOWN,0,0,,,20.28125,0,0,0,0,0
2026-02-25T13:08:02.364789,UNKNOWN,0,0,,,20.3125,0,0,0,0,0
2026-02-25T13:08:08.301027,UNKNOWN,0,0,,,20.28125,0,0,0,0,0
2026-02-25T13:08:18.441974,UNKNOWN,0,0,,,,,0,0,0,0
2026-02-25T13:08:20.385869,UNKNOWN,0,0,,,20.3125,0,0,0,0,0
2026-02-25T13:08:22.434998,UNKNOWN,0,0,,,20.34375,0,0,0,0,0
2026-02-25T13:08:26.427889,UNKNOWN,0,0,20.0625,0,,,0,0,0,0
2026-02-25T13:08:28.477475,UNKNOWN,0,0,20.03125,0,20.375,0,0,0,0,0
2026-02-25T13:08:32.469665,UNKNOWN,0,0,,,,,0,0,0,0
2026-02-25T13:08:34.518237,UNKNOWN,0,0,20.0625,0,,,0,0,0,0
2026-02-25T13:08:36.466006,UNKNOWN,0,0,20.03125,0,,,0,0,0,0
2026-02-25T13:08:46.498225,UNKNOWN,0,0,,,20.40625,0,0,0,0,0
2026-02-25T13:08:48.548618,UNKNOWN,0,0,,,20.34375,0,0,0,0,0
2026-02-25T13:08:50.517423,UNKNOWN,0,0,,,,,0,0,0,0
2026-02-25T13:08:52.643173,UNKNOWN,0,0,,,,,0,0,0,0
2026-02-25T13:08:54.589856,UNKNOWN,0,0,,,,,0,0,0,0
2026-02-25T13:09:00.574716,UNKNOWN,0,0,,,20.3125,0,0,0,0,0
2026-02-25T13:09:02.680208,UNKNOWN,0,0,20.0625,0,,,0,0,0,0
2026-02-25T13:09:04.625094,UNKNOWN,0,0,20.03125,0,20.34375,0,0,0,0,0
2026-02-25T13:09:06.675265,UNKNOWN,0,0,,,20.3125,0,0,0,0,0
2026-02-25T13:09:08.721799,UNKNOWN,0,0,20.0625,0,20.34375,0,0,0,0,0
2026-02-25T13:09:10.668141,UNKNOWN,0,0,20.03125,0,,,0,0,0,0
2026-02-25T13:09:12.647719,UNKNOWN,0,0,,,,,0,0,0,0
2026-02-25T13:09:14.762076,UNKNOWN,0,0,,,,,0,0,0,0
2026-02-25T13:09:20.803122,UNKNOWN,0,0,,,,,0,0,0,0
2026-02-25T13:09:22.751963,UNKNOWN,0,0,,,20.3125,0,0,0,0,0
2026-02-25T13:09:26.744849,UNKNOWN,0,0,,,,,0,0,0,0
2026-02-25T13:09:28.792927,UNKNOWN,0,0,,,,,0,0,0,0
2026-02-25T13:09:30.838665,UNKNOWN,0,0,20.0625,0,20.34375,0,0,0,0,0
2026-02-25T13:09:34.834253,UNKNOWN,0,0,,,,,0,0,0,0
2026-02-25T13:09:36.880402,UNKNOWN,0,0,20.03125,0,20.3125,0,0,0,0,0
2026-02-25T13:09:40.874972,UNKNOWN,0,0,,,,,0,0,0,0
2026-02-25T13:09:44.947963,UNKNOWN,0,0,20.0625,0,,,0,0,0,0
2026-02-25T13:09:46.915661,UNKNOWN,0,0,,,,,0,0,0,0
2026-02-25T13:09:48.981825,UNKNOWN,0,0,20.03125,0,20.40625,0,0,0,0,0
2026-02-25T13:09:52.958285,UNKNOWN,0,0,20.0625,0,20.375,0,0,0,0,0
2026-02-25T13:09:54.905833,UNKNOWN,0,0,20.03125,0,20.34375,0,0,0,0,0
2026-02-25T13:09:56.896941,UNKNOWN,0,0,,,,,0,0,0,0
2026-02-25T13:09:58.916814,UNKNOWN,0,0,20.0625,0,,,0,0,0,0
2026-02-25T13:10:00.945728,UNKNOWN,0,0,20.03125,0,,,0,0,0,0
2026-02-25T13:10:02.931308,UNKNOWN,0,0,20.0625,0,,,0,0,0,0
2026-02-25T13:10:04.952111,UNKNOWN,0,0,,,,,0,0,0,0
2026-02-25T13:10:06.961035,UNKNOWN,0,0,20.03125,0,20.3125,0,0,0,0,0
2026-02-25T13:10:08.978539,UNKNOWN,0,0,,,,,0,0,0,0
2026-02-25T13:10:12.990233,UNKNOWN,0,0,,,,,0,0,0,0
2026-02-25T13:10:15.049082,UNKNOWN,0,0,,,,,0,0,0,0
2026-02-25T13:10:21.118275,UNKNOWN,0,0,20.0625,0,20.34375,0,0,0,0,0
2026-02-25T13:10:25.113029,UNKNOWN,0,0,20.03125,0,,,0,0,0,0
2026-02-25T13:10:27.076145,UNKNOWN,0,0,,,,,0,0,0,0
2026-02-25T13:10:29.106767,UNKNOWN,0,0,,,,,0,0,0,0
2026-02-25T13:10:31.154033,UNKNOWN,0,0,,,,,0,0,0,0
2026-02-25T13:10:33.110334,UNKNOWN,0,0,,,20.375,0,0,0,0,0
2026-02-25T13:10:37.135925,UNKNOWN,0,0,,,,,0,0,0,0
2026-02-25T13:10:43.163417,UNKNOWN,0,0,20.0625,0,20.34375,0,0,0,0,0
2026-02-25T13:10:45.176046,UNKNOWN,0,0,20.03125,0,,,0,0,0,0
2026-02-25T13:10:47.232461,UNKNOWN,0,0,,,20.375,0,0,0,0,0
2026-02-25T13:10:50.509385,UNKNOWN,0,0,20.0625,0,20.34375,0,0,0,0,0
2026-02-25T13:10:51.212254,UNKNOWN,0,0,20.03125,0,,,0,0,0,0
2026-02-25T13:10:54.502302,UNKNOWN,0,0,,,20.375,0,0,0,0,0
2026-02-25T13:10:55.320821,UNKNOWN,0,0,20.0625,0,,,0,0,0,0
2026-02-25T13:10:59.316196,UNKNOWN,0,0,20.03125,0,20.34375,0,0,0,0,0
2026-02-25T13:11:01.375283,UNKNOWN,0,0,,,20.375,0,0,0,0,0
2026-02-25T13:11:05.356778,UNKNOWN,0,0,,,20.34375,0,0,0,0,0
2026-02-25T13:11:07.405516,UNKNOWN,0,0,,,20.375,0,0,0,0,0
2026-02-25T13:11:11.398272,UNKNOWN,0,0,,,20.34375,0,0,0,0,0
2026-02-25T13:11:13.345240,UNKNOWN,0,0,,,20.375,0,0,0,0,0
2026-02-25T13:11:15.392846,UNKNOWN,0,0,20.0625,0,20.34375,0,0,0,0,0
2026-02-25T13:11:21.435321,UNKNOWN,0,0,,,20.3125,0,0,0,0,0
2026-02-25T13:11:23.508989,UNKNOWN,0,0,,,20.34375,0,0,0,0,0
2026-02-25T13:11:25.427016,UNKNOWN,0,0,,,,,0,0,0,0
2026-02-25T13:11:27.475212,UNKNOWN,0,0,20.03125,0,,,0,0,0,0
2026-02-25T13:11:31.477294,UNKNOWN,0,0,20.0625,0,,,0,0,0,0
2026-02-25T13:11:37.511739,UNKNOWN,0,0,,,20.3125,0,0,0,0,0
2026-02-25T13:11:39.662111,UNKNOWN,0,0,20.03125,0,20.34375,0,0,0,0,0
2026-02-25T13:11:41.607522,UNKNOWN,0,0,20.0625,0,,,0,0,0,0
2026-02-25T13:11:43.517297,UNKNOWN,0,0,20.03125,0,20.375,0,0,0,0,0
2026-02-25T13:11:45.602398,UNKNOWN,0,0,,,20.34375,0,0,0,0,0
2026-02-25T13:11:51.643717,UNKNOWN,0,0,20.0625,0,,,0,0,0,0
2026-02-25T13:11:55.638150,UNKNOWN,0,0,,,20.3125,0,0,0,0,0
2026-02-25T13:11:59.612290,UNKNOWN,0,0,,,20.28125,0,0,0,0,0
2026-02-25T13:12:03.727648,UNKNOWN,0,0,,,20.3125,0,0,0,0,0
2026-02-25T13:12:05.672602,UNKNOWN,0,0,,,20.34375,0,0,0,0,0
2026-02-25T13:12:09.768323,UNKNOWN,0,0,,,20.3125,0,0,0,0,0
2026-02-25T13:12:13.762780,UNKNOWN,0,0,,,20.28125,0,0,0,0,0
2026-02-25T13:12:17.755818,UNKNOWN,0,0,,,20.3125,0,0,0,0,0
2026-02-25T13:12:21.750243,UNKNOWN,0,0,,,20.34375,0,0,0,0,0
2026-02-25T13:12:23.745970,UNKNOWN,0,0,20.03125,0,20.3125,0,0,0,0,0
2026-02-25T13:12:25.844822,UNKNOWN,0,0,20.0625,0,,,0,0,0,0
2026-02-25T13:12:29.839344,UNKNOWN,0,0,,,20.34375,0,0,0,0,0
2026-02-25T13:12:33.835878,UNKNOWN,0,0,,,20.375,0,0,0,0,0
2026-02-25T13:12:37.930463,UNKNOWN,0,0,20.03125,0,20.40625,0,0,0,0,0
2026-02-25T13:12:39.875210,UNKNOWN,0,0,20.0625,0,,,0,0,0,0
2026-02-25T13:12:45.917100,UNKNOWN,0,0,,,20.375,0,0,0,0,0
2026-02-25T13:12:49.899031,UNKNOWN,0,0,,,20.40625,0,0,0,0,0
2026-02-25T13:12:59.953057,UNKNOWN,0,0,20.03125,0,,,0,0,0,0
2026-02-25T13:13:01.995104,UNKNOWN,0,0,20.0625,0,20.375,0,0,0,0,0
2026-02-25T13:13:04.042314,UNKNOWN,0,0,,,20.40625,0,0,0,0,0
2026-02-25T13:13:08.035867,UNKNOWN,0,0,20.03125,0,20.4375,0,0,0,0,0
2026-02-25T13:13:10.065035,UNKNOWN,0,0,,,20.40625,0,0,0,0,0
2026-02-25T13:13:12.132874,UNKNOWN,0,0,20.0625,0,,,0,0,0,0
2026-02-25T13:13:14.076843,UNKNOWN,0,0,,,20.375,0,0,0,0,0
2026-02-25T13:13:16.125040,UNKNOWN,0,0,,,20.40625,0,0,0,0,0
2026-02-25T13:13:20.119491,UNKNOWN,0,0,,,20.34375,0,0,0,0,0
2026-02-25T13:13:42.238029,UNKNOWN,0,0,,,20.375,0,0,0,0,0
2026-02-25T13:13:46.231686,UNKNOWN,0,0,,,20.34375,0,0,0,0,0
2026-02-25T13:13:50.215493,UNKNOWN,0,0,,,20.3125,0,0,0,0,0
2026-02-25T13:13:52.233690,UNKNOWN,0,0,20.09375,0,20.34375,0,0,0,0,0
2026-02-25T13:13:54.323324,UNKNOWN,0,0,20.0625,0,,,0,0,0,0
2026-02-25T13:14:08.349245,UNKNOWN,0,0,,,20.375,0,0,0,0,0
2026-02-25T13:14:14.394390,UNKNOWN,0,0,,,20.40625,0,0,0,0,0
2026-02-25T13:14:16.544028,UNKNOWN,0,0,,,20.375,0,0,0,0,0
2026-02-25T13:14:18.386655,UNKNOWN,0,0,,,20.34375,0,0,0,0,0
2026-02-25T13:14:28.524924,UNKNOWN,0,0,,,20.3125,0,0,0,0,0
2026-02-25T13:14:30.469757,UNKNOWN,0,0,,,20.34375,0,0,0,0,0
2026-02-25T13:14:34.567035,UNKNOWN,0,0,,,20.3125,0,0,0,0,0
2026-02-25T13:14:38.560191,UNKNOWN,0,0,20.09375,0,20.34375,0,0,0,0,0
2026-02-25T13:14:40.505778,UNKNOWN,0,0,20.0625,0,20.3125,0,0,0,0,0
2026-02-25T13:14:42.555190,UNKNOWN,0,0,,,20.34375,0,0,0,0,0
2026-02-25T13:14:44.601906,UNKNOWN,0,0,,,20.375,0,0,0,0,0
2026-02-25T13:14:46.650480,UNKNOWN,0,0,,,20.34375,0,0,0,0,0
2026-02-25T13:14:48.594758,UNKNOWN,0,0,,,20.375,0,0,0,0,0
2026-02-25T13:14:52.690972,UNKNOWN,0,0,,,20.34375,0,0,0,0,0
2026-02-25T13:14:58.632461,UNKNOWN,0,0,,,20.375,0,0,0,0,0
2026-02-25T13:15:00.640162,UNKNOWN,0,0,,,20.34375,0,0,0,0,0
2026-02-25T13:15:10.714142,UNKNOWN,0,0,,,20.375,0,0,0,0,0
2026-02-25T13:15:12.668811,UNKNOWN,0,0,,,20.34375,0,0,0,0,0
2026-02-25T13:15:22.798499,UNKNOWN,0,0,20.09375,0,,,0,0,0,0
2026-02-25T13:15:24.846032,UNKNOWN,0,0,20.0625,0,,,0,0,0,0
2026-02-25T13:15:30.786031,UNKNOWN,0,0,,,20.375,0,0,0,0,0
2026-02-25T13:15:38.875784,UNKNOWN,0,0,,,20.34375,0,0,0,0,0
2026-02-25T13:15:44.915859,UNKNOWN,0,0,,,20.375,0,0,0,0,0
2026-02-25T13:15:48.911806,UNKNOWN,0,0,,,20.40625,0,0,0,0,0
2026-02-25T13:15:52.905036,UNKNOWN,0,0,,,20.375,0,0,0,0,0
2026-02-25T13:15:56.896681,UNKNOWN,0,0,,,20.34375,0,0,0,0,0
2026-02-25T13:16:03.040984,UNKNOWN,0,0,20.09375,0,20.375,0,0,0,0,0
2026-02-25T13:16:07.035760,UNKNOWN,0,0,20.0625,0,20.34375,0,0,0,0,0
2026-02-25T13:16:08.984410,UNKNOWN,0,0,20.09375,0,20.375,0,0,0,0,0
2026-02-25T13:16:11.029871,UNKNOWN,0,0,20.0625,0,20.34375,0,0,0,0,0
2026-02-25T13:16:25.277798,UNKNOWN,0,0,,,20.375,0,0,0,0,0
2026-02-25T13:16:29.154011,UNKNOWN,0,0,,,20.40625,0,0,0,0,0
2026-02-25T13:16:37.143166,UNKNOWN,0,0,,,20.375,0,0,0,0,0
2026-02-25T13:16:45.232845,UNKNOWN,0,0,20.09375,0,20.40625,0,0,0,0,0
2026-02-25T13:16:49.224640,UNKNOWN,0,0,20.0625,0,20.375,0,0,0,0,0
2026-02-25T13:16:51.272761,UNKNOWN,0,0,20.09375,0,,,0,0,0,0
2026-02-25T13:16:53.321338,UNKNOWN,0,0,20.0625,0,,,0,0,0,0
2026-02-25T13:16:55.266605,UNKNOWN,0,0,,,20.40625,0,0,0,0,0
2026-02-25T13:16:59.265666,UNKNOWN,0,0,,,20.4375,0,0,0,0,0
2026-02-25T13:17:03.357957,UNKNOWN,0,0,,,20.40625,0,0,0,0,0
2026-02-25T13:17:05.303460,UNKNOWN,0,0,20.09375,0,,,0,0,0,0
2026-02-25T13:17:07.349863,UNKNOWN,0,0,,,20.4375,0,0,0,0,0
2026-02-25T13:17:11.344127,UNKNOWN,0,0,,,20.40625,0,0,0,0,0
2026-02-25T13:17:15.338137,UNKNOWN,0,0,,,20.375,0,0,0,0,0
2026-02-25T13:17:17.385080,UNKNOWN,0,0,,,20.40625,0,0,0,0,0
2026-02-25T13:17:21.379238,UNKNOWN,0,0,,,20.375,0,0,0,0,0
2026-02-25T13:17:23.427757,UNKNOWN,0,0,20.0625,0,,,0,0,0,0
2026-02-25T13:17:25.478104,UNKNOWN,0,0,20.09375,0,,,0,0,0,0
2026-02-25T13:17:31.415908,UNKNOWN,0,0,20.0625,0,,,0,0,0,0
2026-02-25T13:17:33.478149,UNKNOWN,0,0,20.09375,0,,,0,0,0,0
2026-02-25T13:17:37.457861,UNKNOWN,0,0,,,20.34375,0,0,0,0,0
2026-02-25T13:17:43.501074,UNKNOWN,0,0,20.0625,0,20.375,0,0,0,0,0
2026-02-25T13:17:47.493083,UNKNOWN,0,0,20.09375,0,,,0,0,0,0
2026-02-25T13:17:49.541330,UNKNOWN,0,0,20.0625,0,20.34375,0,0,0,0,0
2026-02-25T13:17:51.589820,UNKNOWN,0,0,20.09375,0,,,0,0,0,0
2026-02-25T13:17:53.533089,UNKNOWN,0,0,,,20.375,0,0,0,0,0
2026-02-25T13:17:55.582909,UNKNOWN,0,0,,,20.34375,0,0,0,0,0
2026-02-25T13:18:11.659252,UNKNOWN,0,0,20.0625,0,20.3125,0,0,0,0,0
2026-02-25T13:18:13.709848,UNKNOWN,0,0,20.09375,0,,,0,0,0,0
2026-02-25T13:18:17.701211,UNKNOWN,0,0,,,20.375,0,0,0,0,0
2026-02-25T13:18:21.694830,UNKNOWN,0,0,,,20.34375,0,0,0,0,0
2026-02-25T13:18:23.742339,UNKNOWN,0,0,,,20.375,0,0,0,0,0
2026-02-25T13:18:25.791201,UNKNOWN,0,0,20.125,0,20.34375,0,0,0,0,0
2026-02-25T13:18:27.711790,UNKNOWN,0,0,20.0625,0,,,0,0,0,0
2026-02-25T13:18:29.719476,UNKNOWN,0,0,20.09375,0,,,0,0,0,0
2026-02-25T13:18:41.868343,UNKNOWN,0,0,,,20.375,0,0,0,0,0
2026-02-25T13:19:14.023831,UNKNOWN,0,0,20.0625,0,,,0,0,0,0
2026-02-25T13:19:15.969232,UNKNOWN,0,0,20.09375,0,,,0,0,0,0
2026-02-25T13:19:18.017642,UNKNOWN,0,0,,,20.40625,0,0,0,0,0
2026-02-25T13:19:22.010718,UNKNOWN,0,0,20.0625,0,20.375,0,0,0,0,0
2026-02-25T13:19:26.004659,UNKNOWN,0,0,20.09375,0,,,0,0,0,0
2026-02-25T13:19:40.136330,UNKNOWN,0,0,,,20.34375,0,0,0,0,0
2026-02-25T13:19:42.183198,UNKNOWN,0,0,,,20.375,0,0,0,0,0
2026-02-25T13:19:52.125171,UNKNOWN,0,0,20.125,0,20.40625,0,0,0,0,0
2026-02-25T13:19:54.164047,UNKNOWN,0,0,20.09375,0,20.375,0,0,0,0,0
2026-02-25T13:19:58.260032,UNKNOWN,0,0,20.125,0,,,0,0,0,0
2026-02-25T13:20:00.205156,UNKNOWN,0,0,20.09375,0,20.40625,0,0,0,0,0
2026-02-25T13:20:06.249993,UNKNOWN,0,0,,,20.375,0,0,0,0,0
2026-02-25T13:20:22.325265,UNKNOWN,0,0,,,20.40625,0,0,0,0,0
2026-02-25T13:20:32.362013,UNKNOWN,0,0,20.125,0,20.375,0,0,0,0,0
2026-02-25T13:20:34.413503,UNKNOWN,0,0,20.09375,0,,,0,0,0,0
2026-02-25T13:20:38.402945,UNKNOWN,0,0,20.125,0,20.40625,0,0,0,0,0
2026-02-25T13:20:41.550408,UNKNOWN,0,0,20.09375,0,20.4375,0,0,0,0,0
2026-02-25T13:20:46.409920,UNKNOWN,0,0,,,20.40625,0,0,0,0,0
2026-02-25T13:20:52.445229,UNKNOWN,0,0,,,20.4375,0,0,0,0,0
2026-02-25T13:21:00.522929,UNKNOWN,0,0,,,20.46875,0,0,0,0,0
2026-02-25T13:21:06.565040,UNKNOWN,0,0,,,20.4375,0,0,0,0,0
2026-02-25T13:21:10.557789,UNKNOWN,0,0,20.125,0,,,0,0,0,0
2026-02-25T13:21:12.561782,UNKNOWN,0,0,20.09375,0,,,0,0,0,0
2026-02-25T13:21:14.653343,UNKNOWN,0,0,,,20.40625,0,0,0,0,0
2026-02-25T13:21:28.617147,UNKNOWN,0,0,20.125,0,,,0,0,0,0
2026-02-25T13:21:30.730548,UNKNOWN,0,0,20.09375,0,,,0,0,0,0
2026-02-25T13:21:36.773152,UNKNOWN,0,0,20.125,0,20.375,0,0,0,0,0
2026-02-25T13:21:38.719773,UNKNOWN,0,0,20.09375,0,,,0,0,0,0
2026-02-25T13:21:40.767822,UNKNOWN,0,0,,,20.40625,0,0,0,0,0
2026-02-25T13:21:42.716465,UNKNOWN,0,0,20.125,0,,,0,0,0,0
2026-02-25T13:21:44.760805,UNKNOWN,0,0,,,20.375,0,0,0,0,0
2026-02-25T13:21:48.745119,UNKNOWN,0,0,20.09375,0,,,0,0,0,0
2026-02-25T13:21:54.897091,UNKNOWN,0,0,20.125,0,,,0,0,0,0
2026-02-25T13:21:56.845002,UNKNOWN,0,0,20.09375,0,,,0,0,0,0
2026-02-25T13:22:00.838201,UNKNOWN,0,0,,,20.34375,0,0,0,0,0
2026-02-25T13:22:06.878731,UNKNOWN,0,0,20.125,0,20.375,0,0,0,0,0
2026-02-25T13:22:08.927108,UNKNOWN,0,0,20.09375,0,20.40625,0,0,0,0,0
2026-02-25T13:22:12.921995,UNKNOWN,0,0,,,20.375,0,0,0,0,0
2026-02-25T13:22:14.971222,UNKNOWN,0,0,20.125,0,20.34375,0,0,0,0,0
2026-02-25T13:22:16.913988,UNKNOWN,0,0,20.09375,0,,,0,0,0,0
2026-02-25T13:22:19.065226,UNKNOWN,0,0,20.125,0,,,0,0,0,0
2026-02-25T13:22:21.011330,UNKNOWN,0,0,,,20.375,0,0,0,0,0
2026-02-25T13:22:27.052518,UNKNOWN,0,0,20.09375,0,,,0,0,0,0
2026-02-25T13:22:28.998088,UNKNOWN,0,0,,,20.40625,0,0,0,0,0
2026-02-25T13:22:31.045867,UNKNOWN,0,0,20.125,0,20.375,0,0,0,0,0
2026-02-25T13:22:37.087344,UNKNOWN,0,0,,,20.34375,0,0,0,0,0
2026-02-25T13:22:39.032624,UNKNOWN,0,0,20.09375,0,20.375,0,0,0,0,0
2026-02-25T13:22:41.080888,UNKNOWN,0,0,20.125,0,,,0,0,0,0
2026-02-25T13:22:45.074448,UNKNOWN,0,0,,,20.40625,0,0,0,0,0
2026-02-25T13:22:49.171062,UNKNOWN,0,0,20.09375,0,,,0,0,0,0
2026-02-25T13:22:53.170288,UNKNOWN,0,0,20.125,0,,,0,0,0,0
2026-02-25T13:23:01.127990,UNKNOWN,0,0,,,20.4375,0,0,0,0,0
2026-02-25T13:23:03.146088,UNKNOWN,0,0,20.09375,0,,,0,0,0,0
2026-02-25T13:23:07.195266,UNKNOWN,0,0,20.125,0,20.40625,0,0,0,0,0
2026-02-25T13:23:09.242186,UNKNOWN,0,0,,,20.4375,0,0,0,0,0
2026-02-25T13:23:11.192795,UNKNOWN,0,0,20.09375,0,20.40625,0,0,0,0,0
2026-02-25T13:23:13.224154,UNKNOWN,0,0,20.125,0,,,0,0,0,0
2026-02-25T13:23:29.313181,UNKNOWN,0,0,,,20.4375,0,0,0,0,0
2026-02-25T13:23:33.409217,UNKNOWN,0,0,,,20.40625,0,0,0,0,0
2026-02-25T13:23:35.322839,UNKNOWN,0,0,,,20.4375,0,0,0,0,0
2026-02-25T13:23:37.404081,UNKNOWN,0,0,,,20.40625,0,0,0,0,0
2026-02-25T13:23:41.396314,UNKNOWN,0,0,,,20.375,0,0,0,0,0
2026-02-25T13:23:45.389240,UNKNOWN,0,0,20.09375,0,20.34375,0,0,0,0,0
2026-02-25T13:23:47.439142,UNKNOWN,0,0,20.125,0,20.40625,0,0,0,0,0
2026-02-25T13:23:49.492206,UNKNOWN,0,0,20.09375,0,20.375,0,0,0,0,0
2026-02-25T13:23:51.433112,UNKNOWN,0,0,20.125,0,,,0,0,0,0
2026-02-25T13:23:53.479103,UNKNOWN,0,0,,,20.40625,0,0,0,0,0
2026-02-25T13:23:57.474156,UNKNOWN,0,0,,,20.375,0,0,0,0,0
2026-02-25T13:24:03.485446,UNKNOWN,0,0,,,20.40625,0,0,0,0,0
2026-02-25T13:24:11.604695,UNKNOWN,0,0,,,20.375,0,0,0,0,0
2026-02-25T13:24:13.550335,UNKNOWN,0,0,,,20.40625,0,0,0,0,0
2026-02-25T13:24:27.680242,UNKNOWN,0,0,20.15625,0,,,0,0,0,0
2026-02-25T13:24:29.602112,UNKNOWN,0,0,20.125,0,,,0,0,0,0
2026-02-25T13:24:31.670303,UNKNOWN,0,0,,,20.4375,0,0,0,0,0
2026-02-25T13:25:03.758514,UNKNOWN,0,0,,,20.46875,0,0,0,0,0
2026-02-25T13:25:05.868306,UNKNOWN,0,0,,,20.5,0,0,0,0,0
2026-02-25T13:25:07.822309,UNKNOWN,0,0,,,20.46875,0,0,0,0,0
2026-02-25T13:25:11.917304,UNKNOWN,0,0,,,20.4375,0,0,0,0,0
2026-02-25T13:25:17.861246,UNKNOWN,0,0,20.15625,0,,,0,0,0,0
2026-02-25T13:25:19.898304,UNKNOWN,0,0,20.125,0,,,0,0,0,0
2026-02-25T13:25:31.911677,UNKNOWN,0,0,,,20.40625,0,0,0,0,0
2026-02-25T13:25:33.923326,UNKNOWN,0,0,,,20.4375,0,0,0,0,0
2026-02-25T13:25:44.061828,UNKNOWN,0,0,,,20.40625,0,0,0,0,0
2026-02-25T13:25:48.009199,UNKNOWN,0,0,,,20.375,0,0,0,0,0
2026-02-25T13:26:00.052806,UNKNOWN,0,0,,,20.40625,0,0,0,0,0
2026-02-25T13:26:04.075755,UNKNOWN,0,0,20.15625,0,20.375,0,0,0,0,0
2026-02-25T13:26:06.177401,UNKNOWN,0,0,20.125,0,,,0,0,0,0
2026-02-25T13:26:08.122144,UNKNOWN,0,0,,,20.40625,0,0,0,0,0
2026-02-25T13:26:10.169216,UNKNOWN,0,0,20.15625,0,20.375,0,0,0,0,0
2026-02-25T13:26:12.319523,UNKNOWN,0,0,20.125,0,,,0,0,0,0
2026-02-25T13:26:14.163101,UNKNOWN,0,0,,,20.40625,0,0,0,0,0
2026-02-25T13:26:34.226446,UNKNOWN,0,0,,,20.375,0,0,0,0,0
2026-02-25T13:26:36.280203,UNKNOWN,0,0,,,20.40625,0,0,0,0,0
2026-02-25T13:26:40.379406,UNKNOWN,0,0,,,20.375,0,0,0,0,0
2026-02-25T13:26:46.313248,UNKNOWN,0,0,,,20.40625,0,0,0,0,0
2026-02-25T13:26:50.410011,UNKNOWN,0,0,20.15625,0,,,0,0,0,0
2026-02-25T13:26:52.327984,UNKNOWN,0,0,20.125,0,,,0,0,0,0
2026-02-25T13:26:56.450597,UNKNOWN,0,0,20.15625,0,20.4375,0,0,0,0,0
2026-02-25T13:26:58.394876,UNKNOWN,0,0,20.125,0,20.40625,0,0,0,0,0
2026-02-25T13:27:00.443126,UNKNOWN,0,0,,,20.4375,0,0,0,0,0
2026-02-25T13:27:06.499909,UNKNOWN,0,0,,,20.40625,0,0,0,0,0
2026-02-25T13:27:14.482260,UNKNOWN,0,0,,,20.4375,0,0,0,0,0
2026-02-25T13:27:18.694303,UNKNOWN,0,0,,,20.40625,0,0,0,0,0
2026-02-25T13:27:20.615275,UNKNOWN,0,0,,,20.4375,0,0,0,0,0
2026-02-25T13:27:26.551853,UNKNOWN,0,0,,,20.40625,0,0,0,0,0
2026-02-25T13:27:28.600764,UNKNOWN,0,0,20.15625,0,20.4375,0,0,0,0,0
2026-02-25T13:27:30.546083,UNKNOWN,0,0,20.125,0,,,0,0,0,0
2026-02-25T13:27:32.595072,UNKNOWN,0,0,,,20.40625,0,0,0,0,0
2026-02-25T13:27:34.643138,UNKNOWN,0,0,20.15625,0,,,0,0,0,0
2026-02-25T13:27:38.636211,UNKNOWN,0,0,20.125,0,20.4375,0,0,0,0,0
2026-02-25T13:27:50.718308,UNKNOWN,0,0,,,20.40625,0,0,0,0,0
2026-02-25T13:27:58.705395,UNKNOWN,0,0,,,20.4375,0,0,0,0,0
2026-02-25T13:28:06.793516,UNKNOWN,0,0,20.15625,0,,,0,0,0,0
2026-02-25T13:28:08.729676,UNKNOWN,0,0,20.125,0,,,0,0,0,0
2026-02-25T13:28:10.786585,UNKNOWN,0,0,20.15625,0,,,0,0,0,0
2026-02-25T13:28:12.834138,UNKNOWN,0,0,20.125,0,,,0,0,0,0
2026-02-25T13:28:16.829311,UNKNOWN,0,0,20.15625,0,,,0,0,0,0
2026-02-25T13:28:18.852334,UNKNOWN,0,0,20.125,0,,,0,0,0,0
2026-02-25T13:28:28.909263,UNKNOWN,0,0,20.15625,0,,,0,0,0,0
2026-02-25T13:28:36.898233,UNKNOWN,0,0,,,20.46875,0,0,0,0,0
2026-02-25T13:28:38.945321,UNKNOWN,0,0,20.125,0,,,0,0,0,0
2026-02-25T13:28:40.905995,UNKNOWN,0,0,20.15625,0,,,0,0,0,0
2026-02-25T13:28:44.985944,UNKNOWN,0,0,,,20.4375,0,0,0,0,0
2026-02-25T13:28:46.934183,UNKNOWN,0,0,,,20.46875,0,0,0,0,0
2026-02-25T13:28:48.979314,UNKNOWN,0,0,,,20.4375,0,0,0,0,0
2026-02-25T13:28:51.026016,UNKNOWN,0,0,,,20.5,0,0,0,0,0
2026-02-25T13:28:55.020775,UNKNOWN,0,0,,,20.46875,0,0,0,0,0
2026-02-25T13:29:01.061005,UNKNOWN,0,0,,,20.4375,0,0,0,0,0
2026-02-25T13:29:03.110097,UNKNOWN,0,0,,,20.46875,0,0,0,0,0
2026-02-25T13:29:09.151039,UNKNOWN,0,0,20.125,0,,,0,0,0,0
2026-02-25T13:29:13.144167,UNKNOWN,0,0,20.15625,0,,,0,0,0,0
2026-02-25T13:29:15.192677,UNKNOWN,0,0,20.125,0,20.4375,0,0,0,0,0
2026-02-25T13:29:21.133662,UNKNOWN,0,0,20.15625,0,,,0,0,0,0
2026-02-25T13:29:25.227443,UNKNOWN,0,0,,,20.46875,0,0,0,0,0
2026-02-25T13:29:31.268090,UNKNOWN,0,0,,,20.4375,0,0,0,0,0
2026-02-25T13:29:33.213396,UNKNOWN,0,0,,,20.46875,0,0,0,0,0
2026-02-25T13:29:35.262153,UNKNOWN,0,0,,,20.4375,0,0,0,0,0
2026-02-25T13:29:37.309171,UNKNOWN,0,0,,,20.46875,0,0,0,0,0
2026-02-25T13:29:39.253562,UNKNOWN,0,0,,,20.4375,0,0,0,0,0
2026-02-25T13:29:41.301908,UNKNOWN,0,0,,,20.40625,0,0,0,0,0
2026-02-25T13:29:49.289594,UNKNOWN,0,0,,,20.4375,0,0,0,0,0
2026-02-25T13:29:53.383793,UNKNOWN,0,0,,,20.40625,0,0,0,0,0
2026-02-25T13:29:55.330647,UNKNOWN,0,0,20.125,0,,,0,0,0,0
2026-02-25T13:29:57.377483,UNKNOWN,0,0,20.15625,0,,,0,0,0,0
2026-02-25T13:29:59.427225,UNKNOWN,0,0,,,20.4375,0,0,0,0,0
2026-02-25T13:30:01.346444,UNKNOWN,0,0,,,20.40625,0,0,0,0,0
2026-02-25T13:30:03.419512,UNKNOWN,0,0,20.125,0,,,0,0,0,0
2026-02-25T13:30:05.427287,UNKNOWN,0,0,,,20.375,0,0,0,0,0
2026-02-25T13:30:13.454503,UNKNOWN,0,0,,,20.34375,0,0,0,0,0
2026-02-25T13:30:15.502063,UNKNOWN,0,0,20.15625,0,20.375,0,0,0,0,0
2026-02-25T13:30:17.550136,UNKNOWN,0,0,,,20.40625,0,0,0,0,0
2026-02-25T13:30:19.495553,UNKNOWN,0,0,,,20.4375,0,0,0,0,0
2026-02-25T13:30:23.590984,UNKNOWN,0,0,,,20.40625,0,0,0,0,0
2026-02-25T13:30:25.538201,UNKNOWN,0,0,,,20.4375,0,0,0,0,0
2026-02-25T13:30:29.530460,UNKNOWN,0,0,,,20.40625,0,0,0,0,0
2026-02-25T13:30:31.577280,UNKNOWN,0,0,,,20.4375,0,0,0,0,0
2026-02-25T13:30:33.533842,UNKNOWN,0,0,,,20.40625,0,0,0,0,0
2026-02-25T13:30:35.572896,UNKNOWN,0,0,,,20.4375,0,0,0,0,0
2026-02-25T13:30:43.660827,UNKNOWN,0,0,20.125,0,,,0,0,0,0
2026-02-25T13:30:45.707004,UNKNOWN,0,0,20.15625,0,,,0,0,0,0
2026-02-25T13:30:57.689653,UNKNOWN,0,0,,,20.46875,0,0,0,0,0
2026-02-25T13:31:09.771771,UNKNOWN,0,0,,,20.4375,0,0,0,0,0
2026-02-25T13:31:17.859906,UNKNOWN,0,0,,,20.46875,0,0,0,0,0
2026-02-25T13:31:21.854441,UNKNOWN,0,0,,,20.4375,0,0,0,0,0
2026-02-25T13:31:23.901061,UNKNOWN,0,0,20.1875,0,,,0,0,0,0
2026-02-25T13:31:25.846721,UNKNOWN,0,0,20.15625,0,,,0,0,0,0
2026-02-25T13:31:31.888216,UNKNOWN,0,0,,,20.46875,0,0,0,0,0
2026-02-25T13:31:34.040050,UNKNOWN,0,0,,,20.4375,0,0,0,0,0
2026-02-25T13:31:37.930814,UNKNOWN,0,0,,,20.46875,0,0,0,0,0
2026-02-25T13:31:39.977451,UNKNOWN,0,0,,,20.4375,0,0,0,0,0
2026-02-25T13:31:54.006185,UNKNOWN,0,0,,,20.46875,0,0,0,0,0
2026-02-25T13:32:00.048183,UNKNOWN,0,0,20.1875,0,,,0,0,0,0
2026-02-25T13:32:04.040930,UNKNOWN,0,0,20.15625,0,20.4375,0,0,0,0,0
2026-02-25T13:32:06.048306,UNKNOWN,0,0,20.1875,0,,,0,0,0,0
2026-02-25T13:32:08.137608,UNKNOWN,0,0,20.15625,0,,,0,0,0,0
2026-02-25T13:32:12.131234,UNKNOWN,0,0,20.125,0,20.46875,0,0,0,0,0
2026-02-25T13:32:14.178325,UNKNOWN,0,0,20.15625,0,,,0,0,0,0
2026-02-25T13:32:26.158810,UNKNOWN,0,0,,,20.5,0,0,0,0,0
2026-02-25T13:32:28.206454,UNKNOWN,0,0,,,20.46875,0,0,0,0,0
2026-02-25T13:32:36.193260,UNKNOWN,0,0,,,20.5,0,0,0,0,0
2026-02-25T13:32:38.241115,UNKNOWN,0,0,,,20.46875,0,0,0,0,0
2026-02-25T13:32:44.281009,UNKNOWN,0,0,,,20.4375,0,0,0,0,0
2026-02-25T13:32:46.331245,UNKNOWN,0,0,,,20.46875,0,0,0,0,0
2026-02-25T13:32:54.318505,UNKNOWN,0,0,,,20.53125,0,0,0,0,0
2026-02-25T13:32:56.370305,UNKNOWN,0,0,20.1875,0,20.5,0,0,0,0,0
2026-02-25T13:32:58.309482,UNKNOWN,0,0,20.15625,0,,,0,0,0,0
2026-02-25T13:33:02.485448,UNKNOWN,0,0,,,20.53125,0,0,0,0,0
2026-02-25T13:33:04.324794,UNKNOWN,0,0,,,20.5,0,0,0,0,0
2026-02-25T13:33:08.425858,UNKNOWN,0,0,,,20.53125,0,0,0,0,0
2026-02-25T13:33:12.442749,UNKNOWN,0,0,,,20.5,0,0,0,0,0
2026-02-25T13:33:16.435274,UNKNOWN,0,0,,,20.53125,0,0,0,0,0
2026-02-25T13:33:24.524077,UNKNOWN,0,0,,,20.5,0,0,0,0,0
2026-02-25T13:33:26.470923,UNKNOWN,0,0,20.1875,0,,,0,0,0,0
2026-02-25T13:33:28.518834,UNKNOWN,0,0,20.15625,0,20.46875,0,0,0,0,0
2026-02-25T13:33:34.558758,UNKNOWN,0,0,20.1875,0,20.5,0,0,0,0,0
2026-02-25T13:33:36.504878,UNKNOWN,0,0,20.15625,0,,,0,0,0,0
2026-02-25T13:33:38.553191,UNKNOWN,0,0,,,,,0,0,0,0
2026-02-25T13:33:42.545513,UNKNOWN,0,0,20.1875,0,20.46875,0,0,0,0,0
2026-02-25T13:33:44.598584,UNKNOWN,0,0,20.15625,0,,,0,0,0,0
2026-02-25T13:33:48.586302,UNKNOWN,0,0,20.1875,0,,,0,0,0,0
2026-02-25T13:33:50.635660,UNKNOWN,0,0,20.15625,0,20.4375,0,0,0,0,0
2026-02-25T13:33:56.675595,UNKNOWN,0,0,,,20.40625,0,0,0,0,0
2026-02-25T13:34:08.760245,UNKNOWN,0,0,20.1875,0,20.4375,0,0,0,0,0
2026-02-25T13:34:10.704394,UNKNOWN,0,0,20.15625,0,,,0,0,0,0
2026-02-25T13:34:22.788102,UNKNOWN,0,0,20.1875,0,,,0,0,0,0
2026-02-25T13:34:24.838196,UNKNOWN,0,0,20.15625,0,20.40625,0,0,0,0,0
2026-02-25T13:34:26.770623,UNKNOWN,0,0,20.1875,0,20.4375,0,0,0,0,0
2026-02-25T13:34:28.828876,UNKNOWN,0,0,20.15625,0,,,0,0,0,0
2026-02-25T13:34:34.871163,UNKNOWN,0,0,20.1875,0,20.46875,0,0,0,0,0
2026-02-25T13:34:36.920225,UNKNOWN,0,0,20.15625,0,20.4375,0,0,0,0,0
2026-02-25T13:34:40.840029,UNKNOWN,0,0,,,20.46875,0,0,0,0,0
2026-02-25T13:34:42.859305,UNKNOWN,0,0,,,20.4375,0,0,0,0,0
2026-02-25T13:34:46.953245,UNKNOWN,0,0,20.1875,0,,,0,0,0,0
2026-02-25T13:34:48.899668,UNKNOWN,0,0,20.15625,0,20.46875,0,0,0,0,0
2026-02-25T13:34:50.950265,UNKNOWN,0,0,20.1875,0,20.4375,0,0,0,0,0
2026-02-25T13:34:53.002157,UNKNOWN,0,0,20.15625,0,20.46875,0,0,0,0,0
2026-02-25T13:34:54.941319,UNKNOWN,0,0,20.1875,0,,,0,0,0,0
2026-02-25T13:35:03.033429,UNKNOWN,0,0,20.15625,0,,,0,0,0,0
2026-02-25T13:35:07.023340,UNKNOWN,0,0,20.1875,0,,,0,0,0,0
2026-02-25T13:35:09.071038,UNKNOWN,0,0,20.15625,0,,,0,0,0,0
2026-02-25T13:35:13.064200,UNKNOWN,0,0,20.1875,0,20.5,0,0,0,0,0
2026-02-25T13:35:15.112099,UNKNOWN,0,0,20.15625,0,,,0,0,0,0
2026-02-25T13:35:17.057585,UNKNOWN,0,0,,,20.46875,0,0,0,0,0
2026-02-25T13:35:19.106913,UNKNOWN,0,0,20.1875,0,,,0,0,0,0
2026-02-25T13:35:21.154391,UNKNOWN,0,0,20.15625,0,,,0,0,0,0
2026-02-25T13:35:23.098484,UNKNOWN,0,0,,,20.5,0,0,0,0,0
2026-02-25T13:35:27.195932,UNKNOWN,0,0,,,20.46875,0,0,0,0,0
2026-02-25T13:35:31.188768,UNKNOWN,0,0,20.1875,0,,,0,0,0,0
2026-02-25T13:35:33.235651,UNKNOWN,0,0,20.15625,0,,,0,0,0,0
2026-02-25T13:35:35.145917,UNKNOWN,0,0,20.1875,0,20.4375,0,0,0,0,0
2026-02-25T13:35:37.229965,UNKNOWN,0,0,,,20.46875,0,0,0,0,0
2026-02-25T13:35:45.217175,UNKNOWN,0,0,20.15625,0,,,0,0,0,0
2026-02-25T13:35:47.264107,UNKNOWN,0,0,20.1875,0,,,0,0,0,0
2026-02-25T13:35:49.314845,UNKNOWN,0,0,,,20.4375,0,0,0,0,0
2026-02-25T13:35:53.307279,UNKNOWN,0,0,20.15625,0,,,0,0,0,0
2026-02-25T13:35:55.305424,UNKNOWN,0,0,20.1875,0,20.46875,0,0,0,0,0
2026-02-25T13:35:59.348191,UNKNOWN,0,0,20.15625,0,,,0,0,0,0
2026-02-25T13:36:05.387995,UNKNOWN,0,0,20.1875,0,,,0,0,0,0
2026-02-25T13:36:21.465900,UNKNOWN,0,0,,,20.5,0,0,0,0,0
2026-02-25T13:36:23.412144,UNKNOWN,0,0,,,20.53125,0,0,0,0,0
2026-02-25T13:36:25.460735,UNKNOWN,0,0,,,20.5,0,0,0,0,0
2026-02-25T13:36:27.507626,UNKNOWN,0,0,,,20.46875,0,0,0,0,0
2026-02-25T13:36:33.549395,UNKNOWN,0,0,,,20.5,0,0,0,0,0
2026-02-25T13:36:45.530564,UNKNOWN,0,0,20.21875,0,,,0,0,0,0
2026-02-25T13:36:47.577187,UNKNOWN,0,0,20.1875,0,,,0,0,0,0
2026-02-25T13:36:59.661213,UNKNOWN,0,0,,,20.46875,0,0,0,0,0
2026-02-25T13:37:01.606696,UNKNOWN,0,0,,,20.5,0,0,0,0,0
2026-02-25T13:37:03.655251,UNKNOWN,0,0,,,20.46875,0,0,0,0,0
2026-02-25T13:37:05.702274,UNKNOWN,0,0,,,20.5,0,0,0,0,0
2026-02-25T13:37:23.723180,UNKNOWN,0,0,,,20.46875,0,0,0,0,0
2026-02-25T13:37:25.771824,UNKNOWN,0,0,,,20.5,0,0,0,0,0
2026-02-25T13:37:29.765259,UNKNOWN,0,0,,,20.53125,0,0,0,0,0
2026-02-25T13:37:33.862158,UNKNOWN,0,0,,,20.5,0,0,0,0,0
2026-02-25T13:37:39.141842,UNKNOWN,0,0,20.21875,0,20.53125,0,0,0,0,0
2026-02-25T13:37:39.799558,UNKNOWN,0,0,20.1875,0,,,0,0,0,0
2026-02-25T13:37:51.884047,UNKNOWN,0,0,,,20.5,0,0,0,0,0
2026-02-25T13:38:03.966532,UNKNOWN,0,0,,,20.53125,0,0,0,0,0
2026-02-25T13:38:06.014190,UNKNOWN,0,0,,,20.5,0,0,0,0,0
2026-02-25T13:38:16.049530,UNKNOWN,0,0,20.21875,0,,,0,0,0,0
2026-02-25T13:38:17.995705,UNKNOWN,0,0,20.1875,0,,,0,0,0,0
2026-02-25T13:38:22.090819,UNKNOWN,0,0,20.21875,0,,,0,0,0,0
2026-02-25T13:38:24.036101,UNKNOWN,0,0,20.1875,0,,,0,0,0,0
2026-02-25T13:38:34.072870,UNKNOWN,0,0,20.21875,0,,,0,0,0,0
2026-02-25T13:38:40.112842,UNKNOWN,0,0,20.1875,0,,,0,0,0,0
2026-02-25T13:38:42.160463,UNKNOWN,0,0,20.21875,0,,,0,0,0,0
2026-02-25T13:38:44.210329,UNKNOWN,0,0,20.1875,0,,,0,0,0,0
2026-02-25T13:38:46.121936,UNKNOWN,0,0,20.21875,0,,,0,0,0,0
2026-02-25T13:38:50.148863,UNKNOWN,0,0,20.1875,0,,,0,0,0,0
2026-02-25T13:38:54.243048,UNKNOWN,0,0,,,20.46875,0,0,0,0,0
2026-02-25T13:38:56.189200,UNKNOWN,0,0,20.21875,0,20.5,0,0,0,0,0
2026-02-25T13:38:58.237781,UNKNOWN,0,0,20.1875,0,,,0,0,0,0
2026-02-25T13:39:02.207908,UNKNOWN,0,0,20.21875,0,,,0,0,0,0
2026-02-25T13:39:06.327434,UNKNOWN,0,0,20.1875,0,,,0,0,0,0
2026-02-25T13:39:10.319827,UNKNOWN,0,0,20.21875,0,,,0,0,0,0
2026-02-25T13:39:16.362888,UNKNOWN,0,0,20.1875,0,,,0,0,0,0
2026-02-25T13:39:22.403735,UNKNOWN,0,0,20.21875,0,,,0,0,0,0
2026-02-25T13:39:24.349683,UNKNOWN,0,0,20.1875,0,,,0,0,0,0
2026-02-25T13:39:26.397733,UNKNOWN,0,0,,,20.53125,0,0,0,0,0
2026-02-25T13:39:28.445917,UNKNOWN,0,0,,,20.5,0,0,0,0,0
2026-02-25T13:39:30.391424,UNKNOWN,0,0,20.21875,0,20.53125,0,0,0,0,0
2026-02-25T13:39:34.487172,UNKNOWN,0,0,20.1875,0,,,0,0,0,0
2026-02-25T13:39:36.432196,UNKNOWN,0,0,20.21875,0,20.5,0,0,0,0,0
2026-02-25T13:39:38.480422,UNKNOWN,0,0,20.25,0,20.53125,0,0,0,0,0
2026-02-25T13:39:40.534087,UNKNOWN,0,0,20.1875,0,,,0,0,0,0
2026-02-25T13:39:42.473610,UNKNOWN,0,0,20.21875,0,20.5,0,0,0,0,0
2026-02-25T13:39:46.468307,UNKNOWN,0,0,,,20.53125,0,0,0,0,0
2026-02-25T13:39:48.516176,UNKNOWN,0,0,20.1875,0,20.5,0,0,0,0,0
2026-02-25T13:39:54.557241,UNKNOWN,0,0,,,20.46875,0,0,0,0,0
2026-02-25T13:39:56.606173,UNKNOWN,0,0,20.21875,0,20.5,0,0,0,0,0
2026-02-25T13:39:58.551523,UNKNOWN,0,0,,,20.46875,0,0,0,0,0
2026-02-25T13:40:00.604223,UNKNOWN,0,0,,,20.5,0,0,0,0,0
2026-02-25T13:40:12.683159,UNKNOWN,0,0,,,20.53125,0,0,0,0,0
2026-02-25T13:40:14.626385,UNKNOWN,0,0,,,20.5,0,0,0,0,0
2026-02-25T13:40:16.675165,UNKNOWN,0,0,20.1875,0,,,0,0,0,0
2026-02-25T13:40:20.668413,UNKNOWN,0,0,20.21875,0,,,0,0,0,0
2026-02-25T13:40:26.710152,UNKNOWN,0,0,,,20.53125,0,0,0,0,0
2026-02-25T13:40:28.758173,UNKNOWN,0,0,,,20.5,0,0,0,0,0
2026-02-25T13:40:30.708754,UNKNOWN,0,0,20.1875,0,20.53125,0,0,0,0,0
2026-02-25T13:40:32.752226,UNKNOWN,0,0,20.21875,0,20.5,0,0,0,0,0
2026-02-25T13:40:38.794749,UNKNOWN,0,0,20.1875,0,,,0,0,0,0
2026-02-25T13:40:40.743333,UNKNOWN,0,0,20.21875,0,,,0,0,0,0
2026-02-25T13:40:42.786238,UNKNOWN,0,0,20.1875,0,,,0,0,0,0
2026-02-25T13:40:44.833882,UNKNOWN,0,0,,,20.53125,0,0,0,0,0
2026-02-25T13:40:46.844494,UNKNOWN,0,0,,,20.5,0,0,0,0,0
2026-02-25T13:40:48.828716,UNKNOWN,0,0,20.21875,0,20.53125,0,0,0,0,0
2026-02-25T13:40:50.878655,UNKNOWN,0,0,,,20.5,0,0,0,0,0
2026-02-25T13:40:58.863115,UNKNOWN,0,0,,,20.53125,0,0,0,0,0
2026-02-25T13:41:02.960105,UNKNOWN,0,0,,,20.5,0,0,0,0,0
2026-02-25T13:41:14.941212,UNKNOWN,0,0,,,20.53125,0,0,0,0,0
2026-02-25T13:41:23.029332,UNKNOWN,0,0,20.1875,0,,,0,0,0,0
2026-02-25T13:41:25.077966,UNKNOWN,0,0,20.21875,0,,,0,0,0,0
2026-02-25T13:41:31.119102,UNKNOWN,0,0,,,20.5,0,0,0,0,0
2026-02-25T13:41:33.063724,UNKNOWN,0,0,20.1875,0,20.53125,0,0,0,0,0
2026-02-25T13:41:35.113035,UNKNOWN,0,0,20.21875,0,20.5,0,0,0,0,0
2026-02-25T13:41:37.062194,UNKNOWN,0,0,,,,,0,0,0,0
2026-02-25T13:41:41.154308,UNKNOWN,0,0,,,20.53125,0,0,0,0,0
2026-02-25T13:41:49.141317,UNKNOWN,0,0,,,20.5,0,0,0,0,0
2026-02-25T13:41:51.188986,UNKNOWN,0,0,,,20.53125,0,0,0,0,0
2026-02-25T13:42:01.178329,UNKNOWN,0,0,,,20.5,0,0,0,0,0
2026-02-25T13:42:05.218097,UNKNOWN,0,0,20.25,0,,,0,0,0,0
2026-02-25T13:42:07.267147,UNKNOWN,0,0,20.21875,0,,,0,0,0,0
2026-02-25T13:42:11.260099,UNKNOWN,0,0,,,20.46875,0,0,0,0,0
2026-02-25T13:42:17.301132,UNKNOWN,0,0,,,20.5,0,0,0,0,0
2026-02-25T13:42:33.376173,UNKNOWN,0,0,,,20.53125,0,0,0,0,0
2026-02-25T13:42:35.426307,UNKNOWN,0,0,,,20.5,0,0,0,0,0
2026-02-25T13:42:37.371271,UNKNOWN,0,0,,,20.53125,0,0,0,0,0
2026-02-25T13:42:41.467218,UNKNOWN,0,0,,,20.5,0,0,0,0,0
2026-02-25T13:42:53.448164,UNKNOWN,0,0,20.25,0,,,0,0,0,0
2026-02-25T13:42:55.498473,UNKNOWN,0,0,20.21875,0,,,0,0,0,0
2026-02-25T13:43:01.537806,UNKNOWN,0,0,,,20.53125,0,0,0,0,0
2026-02-25T13:43:03.588250,UNKNOWN,0,0,,,20.5,0,0,0,0,0
2026-02-25T13:43:05.530864,UNKNOWN,0,0,,,20.53125,0,0,0,0,0
2026-02-25T13:43:13.622554,UNKNOWN,0,0,,,20.5,0,0,0,0,0
2026-02-25T13:43:17.615171,UNKNOWN,0,0,,,20.53125,0,0,0,0,0
2026-02-25T13:43:21.607105,UNKNOWN,0,0,,,20.5,0,0,0,0,0
2026-02-25T13:43:27.622607,UNKNOWN,0,0,,,20.53125,0,0,0,0,0
2026-02-25T13:43:29.696965,UNKNOWN,0,0,,,20.5,0,0,0,0,0
2026-02-25T13:43:31.745243,UNKNOWN,0,0,,,20.53125,0,0,0,0,0
2026-02-25T13:43:33.690052,UNKNOWN,0,0,20.25,0,,,0,0,0,0
2026-02-25T13:43:35.677178,UNKNOWN,0,0,20.21875,0,,,0,0,0,0
2026-02-25T13:43:39.734133,UNKNOWN,0,0,,,20.5,0,0,0,0,0
2026-02-25T13:43:41.781258,UNKNOWN,0,0,,,20.53125,0,0,0,0,0
2026-02-25T13:43:45.773249,UNKNOWN,0,0,,,20.5,0,0,0,0,0
2026-02-25T13:44:07.837875,UNKNOWN,0,0,,,20.53125,0,0,0,0,0
2026-02-25T13:44:09.844520,UNKNOWN,0,0,,,20.5,0,0,0,0,0
2026-02-25T13:44:23.970248,UNKNOWN,0,0,20.25,0,,,0,0,0,0
2026-02-25T13:44:26.016098,UNKNOWN,0,0,20.21875,0,,,0,0,0,0
2026-02-25T13:44:32.058971,UNKNOWN,0,0,,,20.53125,0,0,0,0,0
2026-02-25T13:44:40.046422,UNKNOWN,0,0,,,20.5,0,0,0,0,0
2026-02-25T13:44:44.040551,UNKNOWN,0,0,,,,,0,0,0,0
2026-02-25T13:44:46.088086,UNKNOWN,0,0,,,,,0,0,0,0
2026-02-25T13:44:50.068006,UNKNOWN,0,0,,,20.53125,0,0,0,0,0
2026-02-25T13:44:54.176194,UNKNOWN,0,0,,,20.5,0,0,0,0,0
2026-02-25T13:44:58.170577,UNKNOWN,0,0,,,20.53125,0,0,0,0,0
2026-02-25T13:45:00.221312,UNKNOWN,0,0,,,20.5,0,0,0,0,0
2026-02-25T13:45:02.164646,UNKNOWN,0,0,,,20.53125,0,0,0,0,0
2026-02-25T13:45:10.184077,UNKNOWN,0,0,20.25,0,,,0,0,0,0
2026-02-25T13:45:12.198709,UNKNOWN,0,0,20.21875,0,,,0,0,0,0
2026-02-25T13:45:14.246122,UNKNOWN,0,0,20.25,0,,,0,0,0,0
2026-02-25T13:45:18.241004,UNKNOWN,0,0,20.21875,0,,,0,0,0,0
2026-02-25T13:45:26.332327,UNKNOWN,0,0,,,20.5,0,0,0,0,0
2026-02-25T13:45:30.325534,UNKNOWN,0,0,,,20.53125,0,0,0,0,0
2026-02-25T13:45:32.372324,UNKNOWN,0,0,,,20.5,0,0,0,0,0
2026-02-25T13:45:34.319947,UNKNOWN,0,0,,,20.53125,0,0,0,0,0
2026-02-25T13:45:42.347409,UNKNOWN,0,0,,,20.5,0,0,0,0,0
2026-02-25T13:45:46.371831,UNKNOWN,0,0,,,20.53125,0,0,0,0,0
2026-02-25T13:45:54.490065,UNKNOWN,0,0,,,20.5,0,0,0,0,0
2026-02-25T13:45:56.435611,UNKNOWN,0,0,20.25,0,20.53125,0,0,0,0,0
2026-02-25T13:45:58.484211,UNKNOWN,0,0,20.21875,0,,,0,0,0,0
2026-02-25T13:46:00.532770,UNKNOWN,0,0,20.25,0,20.5625,0,0,0,0,0
2026-02-25T13:46:04.526316,UNKNOWN,0,0,20.21875,0,20.53125,0,0,0,0,0
2026-02-25T13:46:10.539214,UNKNOWN,0,0,,,20.5625,0,0,0,0,0
2026-02-25T13:46:12.616856,UNKNOWN,0,0,,,20.53125,0,0,0,0,0
2026-02-25T13:46:26.645000,UNKNOWN,0,0,20.25,0,,,0,0,0,0
2026-02-25T13:46:28.598279,UNKNOWN,0,0,,,20.5,0,0,0,0,0
2026-02-25T13:46:30.637173,UNKNOWN,0,0,,,20.53125,0,0,0,0,0
2026-02-25T13:46:38.727135,UNKNOWN,0,0,20.21875,0,,,0,0,0,0
2026-02-25T13:46:42.719980,UNKNOWN,0,0,20.25,0,20.5,0,0,0,0,0
2026-02-25T13:46:44.769244,UNKNOWN,0,0,20.21875,0,,,0,0,0,0
2026-02-25T13:46:50.809254,UNKNOWN,0,0,,,20.53125,0,0,0,0,0
2026-02-25T13:46:58.797753,UNKNOWN,0,0,20.25,0,,,0,0,0,0
2026-02-25T13:47:00.845421,UNKNOWN,0,0,,,20.5625,0,0,0,0,0
2026-02-25T13:47:02.790608,UNKNOWN,0,0,,,20.53125,0,0,0,0,0
2026-02-25T13:47:04.837960,UNKNOWN,0,0,,,20.5625,0,0,0,0,0
2026-02-25T13:47:10.815986,UNKNOWN,0,0,20.21875,0,20.5,0,0,0,0,0
2026-02-25T13:47:12.931488,UNKNOWN,0,0,20.25,0,,,0,0,0,0
2026-02-25T13:47:14.875207,UNKNOWN,0,0,20.21875,0,,,0,0,0,0
2026-02-25T13:47:17.024800,UNKNOWN,0,0,20.25,0,,,0,0,0,0
2026-02-25T13:47:29.005317,UNKNOWN,0,0,20.21875,0,20.46875,0,0,0,0,0
2026-02-25T13:47:30.951278,UNKNOWN,0,0,20.25,0,20.5,0,0,0,0,0
2026-02-25T13:47:36.991787,UNKNOWN,0,0,,,20.46875,0,0,0,0,0
2026-02-25T13:47:40.985342,UNKNOWN,0,0,,,20.5,0,0,0,0,0
2026-02-25T13:47:43.034176,UNKNOWN,0,0,,,20.53125,0,0,0,0,0
2026-02-25T13:47:45.002550,UNKNOWN,0,0,,,20.5,0,0,0,0,0
2026-02-25T13:47:53.068544,UNKNOWN,0,0,,,20.53125,0,0,0,0,0
2026-02-25T13:48:15.188693,UNKNOWN,0,0,20.21875,0,,,0,0,0,0
2026-02-25T13:48:19.284915,UNKNOWN,0,0,20.25,0,,,0,0,0,0
2026-02-25T13:48:21.241679,UNKNOWN,0,0,,,20.5625,0,0,0,0,0
2026-02-25T13:48:23.278603,UNKNOWN,0,0,20.21875,0,20.53125,0,0,0,0,0
2026-02-25T13:48:27.270232,UNKNOWN,0,0,20.25,0,,,0,0,0,0
2026-02-25T13:48:33.312889,UNKNOWN,0,0,,,20.5625,0,0,0,0,0
2026-02-25T13:48:35.271959,UNKNOWN,0,0,,,20.53125,0,0,0,0,0
2026-02-25T13:48:43.348746,UNKNOWN,0,0,,,20.5625,0,0,0,0,0
2026-02-25T13:48:49.390630,UNKNOWN,0,0,,,20.53125,0,0,0,0,0
2026-02-25T13:49:01.472591,UNKNOWN,0,0,20.21875,0,,,0,0,0,0
2026-02-25T13:49:03.418783,UNKNOWN,0,0,20.25,0,20.5,0,0,0,0,0
2026-02-25T13:49:08.846226,UNKNOWN,0,0,,,20.53125,0,0,0,0,0
2026-02-25T13:49:09.460906,UNKNOWN,0,0,20.21875,0,,,0,0,0,0
2026-02-25T13:49:11.468650,UNKNOWN,0,0,20.25,0,20.5,0,0,0,0,0
2026-02-25T13:49:13.558041,UNKNOWN,0,0,,,,,0,0,0,0
2026-02-25T13:49:15.506638,UNKNOWN,0,0,,,,,0,0,0,0
2026-02-25T13:49:19.499848,UNKNOWN,0,0,,,20.53125,0,0,0,0,0
2026-02-25T13:49:21.544268,UNKNOWN,0,0,,,,,0,0,0,0
2026-02-25T13:49:23.531850,UNKNOWN,0,0,,,20.5625,0,0,0,0,0
2026-02-25T13:49:25.741839,UNKNOWN,0,0,,,20.53125,0,0,0,0,0
2026-02-25T13:49:29.632301,UNKNOWN,0,0,,,,,0,0,0,0
2026-02-25T13:49:31.578773,UNKNOWN,0,0,,,,,0,0,0,0
2026-02-25T13:49:39.667582,UNKNOWN,0,0,,,,,0,0,0,0
2026-02-25T13:49:41.716583,UNKNOWN,0,0,,,20.5625,0,0,0,0,0
2026-02-25T18:22:40.896026,UNKNOWN,0,0,20.1875,0,20.46875,0,0,0,0,0
2026-02-25T18:22:42.905390,UNKNOWN,0,0,,,20.4375,0,0,0,0,0
2026-02-25T18:22:44.950689,UNKNOWN,0,0,20.21875,0,,,0,0,0,0
2026-02-25T18:22:47.000662,UNKNOWN,0,0,20.1875,0,,,0,0,0,0
2026-02-25T18:22:52.944778,UNKNOWN,0,0,,,20.46875,0,0,0,0,0
2026-02-25T18:22:55.053866,UNKNOWN,0,0,20.21875,0,,,0,0,0,0
2026-02-25T18:22:56.973500,UNKNOWN,0,0,,,,,0,0,0,0
2026-02-25T18:23:01.029341,UNKNOWN,0,0,,,20.4375,0,0,0,0,0
2026-02-25T18:23:03.077401,UNKNOWN,0,0,,,,,0,0,0,0
